[02Oct2026 13:24:45.035] [main/INFO] [cpw.mods.modlauncher.Launcher/MODLAUNCHER]: ModLauncher running: args [--launchTarget, forgeclientdev, --version, 21.1.248, --assetIndex, 17, --assetsDir, C:\\Users\\laure\\.gradle\\caches\\neoformruntime\\assets, --gameDir, ., --fml.fmlVersion, 4.0.43, --fml.mcVersion, 1.21.1, --fml.neoForgeVersion, 21.1.248, --fml.neoFormVersion, 20240808.144430]
[02Oct2026 13:24:45.038] [main/INFO] [cpw.mods.modlauncher.Launcher/MODLAUNCHER]: JVM identified as Eclipse Adoptium OpenJDK 64-Bit Server VM 21.0.8+9-LTS
[02Oct2026 13:24:45.039] [main/INFO] [cpw.mods.modlauncher.Launcher/MODLAUNCHER]: ModLauncher 11.0.5+main.901c6ea8 starting: java version 21.0.8 by Eclipse Adoptium; OS Windows 11 arch amd64 version 10.0
[02Oct2026 13:24:45.071] [main/DEBUG] [cpw.mods.modlauncher.LaunchServiceHandler/MODLAUNCHER]: Found launch services [minecraft,forgeclient,forgedatauserdev,testharness,forgeserverdev,forgeserveruserdev,forgejunitdev,forgeclientdev,forgeclientuserdev,forgeserver,forgejunituserdev,forgedatadev]
[02Oct2026 13:24:45.089] [main/DEBUG] [cpw.mods.modlauncher.LaunchPluginHandler/MODLAUNCHER]: Found launch plugins: [mixin,slf4jfixer,runtime_enum_extender,accesstransformer,runtimedistcleaner]
[02Oct2026 13:24:45.096] [main/DEBUG] [cpw.mods.modlauncher.TransformationServicesHandler/MODLAUNCHER]: Discovering transformation services
[02Oct2026 13:24:45.100] [main/DEBUG] [net.neoforged.fml.loading.FMLPaths/CORE]: Path GAMEDIR is C:\Users\laure\IdeaProjects\RealnessMC-Content-Pack\run
[02Oct2026 13:24:45.100] [main/DEBUG] [net.neoforged.fml.loading.FMLPaths/CORE]: Path MODSDIR is C:\Users\laure\IdeaProjects\RealnessMC-Content-Pack\run\mods
[02Oct2026 13:24:45.100] [main/DEBUG] [net.neoforged.fml.loading.FMLPaths/CORE]: Path CONFIGDIR is C:\Users\laure\IdeaProjects\RealnessMC-Content-Pack\run\config
[02Oct2026 13:24:45.100] [main/DEBUG] [net.neoforged.fml.loading.FMLPaths/CORE]: Path FMLCONFIG is C:\Users\laure\IdeaProjects\RealnessMC-Content-Pack\run\config\fml.toml
[02Oct2026 13:24:45.131] [main/DEBUG] [net.neoforged.fml.loading.targets.CommonLaunchHandler/CORE]: Got mod coordinates realnessmc_content_pack%%C:\\Users\\laure\\IdeaProjects\\RealnessMC-Content-Pack\\build\\classes\\java\\main;realnessmc_content_pack%%C:\\Users\\laure\\IdeaProjects\\RealnessMC-Content-Pack\\build\\resources\\main from env
[02Oct2026 13:24:45.134] [main/DEBUG] [net.neoforged.fml.loading.targets.CommonLaunchHandler/CORE]: Found supplied mod coordinates [{realnessmc_content_pack=[C:\Users\laure\IdeaProjects\RealnessMC-Content-Pack\build\classes\java\main, C:\Users\laure\IdeaProjects\RealnessMC-Content-Pack\build\resources\main]}]
[02Oct2026 13:24:45.137] [main/DEBUG] [cpw.mods.modlauncher.TransformationServicesHandler/MODLAUNCHER]: Found additional transformation services from discovery services: 
[02Oct2026 13:24:45.145] [main/INFO] [net.neoforged.fml.loading.ImmediateWindowHandler/]: Loading ImmediateWindowProvider fmlearlywindow
[02Oct2026 13:24:45.235] [main/INFO] [EARLYDISPLAY/]: Trying GL version 4.6
[02Oct2026 13:24:45.384] [main/INFO] [EARLYDISPLAY/]: Requested GL version 4.6 got version 4.6
[02Oct2026 13:24:45.430] [main/DEBUG] [cpw.mods.modlauncher.TransformationServicesHandler/MODLAUNCHER]: Found transformer services : [mixin,fml]
[02Oct2026 13:24:45.431] [main/DEBUG] [cpw.mods.modlauncher.TransformationServicesHandler/MODLAUNCHER]: Transformation services loading
[02Oct2026 13:24:45.431] [main/DEBUG] [cpw.mods.modlauncher.TransformationServiceDecorator/MODLAUNCHER]: Loading service mixin
[02Oct2026 13:24:45.431] [main/DEBUG] [cpw.mods.modlauncher.TransformationServiceDecorator/MODLAUNCHER]: Loaded service mixin
[02Oct2026 13:24:45.431] [main/DEBUG] [cpw.mods.modlauncher.TransformationServiceDecorator/MODLAUNCHER]: Loading service fml
[02Oct2026 13:24:45.432] [main/DEBUG] [net.neoforged.fml.loading.FMLLoader/CORE]: FML 4.0.43 loading
[02Oct2026 13:24:45.432] [main/DEBUG] [net.neoforged.fml.loading.FMLLoader/CORE]: FML found ModLauncher version : 11.0.5+main.901c6ea8
[02Oct2026 13:24:45.432] [main/DEBUG] [net.neoforged.fml.loading.FMLLoader/CORE]: FML found AccessTransformer version : 10.0.1+139da711
[02Oct2026 13:24:45.432] [main/DEBUG] [net.neoforged.fml.loading.FMLLoader/CORE]: FML found EventBus version : null
[02Oct2026 13:24:45.433] [main/DEBUG] [net.neoforged.fml.loading.FMLLoader/CORE]: Found Runtime Dist Cleaner
[02Oct2026 13:24:45.433] [main/DEBUG] [cpw.mods.modlauncher.TransformationServiceDecorator/MODLAUNCHER]: Loaded service fml
[02Oct2026 13:24:45.433] [main/DEBUG] [cpw.mods.modlauncher.TransformationServicesHandler/MODLAUNCHER]: Configuring option handling for services
[02Oct2026 13:24:45.444] [main/DEBUG] [net.neoforged.fml.loading.FMLServiceProvider/CORE]: Received command line version data  : VersionInfo[neoForgeVersion=21.1.248, fmlVersion=4.0.43, mcVersion=1.21.1, neoFormVersion=20240808.144430]
[02Oct2026 13:24:45.444] [main/DEBUG] [cpw.mods.modlauncher.TransformationServicesHandler/MODLAUNCHER]: Transformation services initializing
[02Oct2026 13:24:45.445] [main/DEBUG] [cpw.mods.modlauncher.TransformationServiceDecorator/MODLAUNCHER]: Initializing transformation service mixin
[02Oct2026 13:24:45.451] [main/DEBUG] [mixin/]: MixinService [ModLauncher] was successfully booted in cpw.mods.cl.ModuleClassLoader@365185bd
[02Oct2026 13:24:45.461] [main/INFO] [mixin/]: SpongePowered MIXIN Subsystem Version=0.8.7 Source=union:/C:/Users/laure/.gradle/caches/modules-2/files-2.1/net.fabricmc/sponge-mixin/0.15.2+mixin.0.8.7/2af2f021d8e02a0220dc27a7a72b4666d66d44ca/sponge-mixin-0.15.2+mixin.0.8.7.jar%23138!/ Service=ModLauncher Env=CLIENT
[02Oct2026 13:24:45.463] [main/DEBUG] [mixin/]: Initialising Mixin Platform Manager
[02Oct2026 13:24:45.463] [main/DEBUG] [mixin/]: Adding mixin platform agents for container ModLauncher Root Container(ModLauncher:4f56a0a2)
[02Oct2026 13:24:45.463] [main/DEBUG] [mixin/]: Instancing new MixinPlatformAgentMinecraftForge for ModLauncher Root Container(ModLauncher:4f56a0a2)
[02Oct2026 13:24:45.464] [main/DEBUG] [mixin/]: MixinPlatformAgentMinecraftForge rejected container ModLauncher Root Container(ModLauncher:4f56a0a2)
[02Oct2026 13:24:45.464] [main/DEBUG] [mixin/]: Instancing new MixinPlatformAgentDefault for ModLauncher Root Container(ModLauncher:4f56a0a2)
[02Oct2026 13:24:45.464] [main/DEBUG] [mixin/]: MixinPlatformAgentDefault accepted container ModLauncher Root Container(ModLauncher:4f56a0a2)
[02Oct2026 13:24:45.466] [main/DEBUG] [cpw.mods.modlauncher.TransformationServiceDecorator/MODLAUNCHER]: Initialized transformation service mixin
[02Oct2026 13:24:45.466] [main/DEBUG] [cpw.mods.modlauncher.TransformationServiceDecorator/MODLAUNCHER]: Initializing transformation service fml
[02Oct2026 13:24:45.466] [main/DEBUG] [net.neoforged.fml.loading.FMLServiceProvider/CORE]: Setting up basic FML game directories
[02Oct2026 13:24:45.466] [main/DEBUG] [net.neoforged.fml.loading.FMLPaths/CORE]: Path GAMEDIR is C:\Users\laure\IdeaProjects\RealnessMC-Content-Pack\run
[02Oct2026 13:24:45.466] [main/DEBUG] [net.neoforged.fml.loading.FMLPaths/CORE]: Path MODSDIR is C:\Users\laure\IdeaProjects\RealnessMC-Content-Pack\run\mods
[02Oct2026 13:24:45.467] [main/DEBUG] [net.neoforged.fml.loading.FMLPaths/CORE]: Path CONFIGDIR is C:\Users\laure\IdeaProjects\RealnessMC-Content-Pack\run\config
[02Oct2026 13:24:45.467] [main/DEBUG] [net.neoforged.fml.loading.FMLPaths/CORE]: Path FMLCONFIG is C:\Users\laure\IdeaProjects\RealnessMC-Content-Pack\run\config\fml.toml
[02Oct2026 13:24:45.467] [main/DEBUG] [net.neoforged.fml.loading.FMLServiceProvider/CORE]: Loading configuration
[02Oct2026 13:24:45.472] [main/DEBUG] [net.neoforged.fml.loading.FMLServiceProvider/CORE]: Preparing launch handler
[02Oct2026 13:24:45.473] [main/DEBUG] [net.neoforged.fml.loading.FMLLoader/CORE]: Using forgeclientdev as launch service
[02Oct2026 13:24:45.477] [main/DEBUG] [cpw.mods.modlauncher.TransformationServiceDecorator/MODLAUNCHER]: Initialized transformation service fml
[02Oct2026 13:24:45.477] [main/DEBUG] [cpw.mods.modlauncher.TransformationServicesHandler/MODLAUNCHER]: Transformation services begin scanning
[02Oct2026 13:24:45.478] [main/DEBUG] [cpw.mods.modlauncher.TransformationServiceDecorator/MODLAUNCHER]: Beginning scan trigger - transformation service mixin
[02Oct2026 13:24:45.478] [main/DEBUG] [cpw.mods.modlauncher.TransformationServiceDecorator/MODLAUNCHER]: End scan trigger - transformation service mixin
[02Oct2026 13:24:45.478] [main/DEBUG] [cpw.mods.modlauncher.TransformationServiceDecorator/MODLAUNCHER]: Beginning scan trigger - transformation service fml
[02Oct2026 13:24:45.478] [main/DEBUG] [net.neoforged.fml.loading.FMLServiceProvider/CORE]: Initiating mod scan
[02Oct2026 13:24:45.479] [main/DEBUG] [net.neoforged.fml.loading.targets.CommonLaunchHandler/CORE]: Got mod coordinates realnessmc_content_pack%%C:\\Users\\laure\\IdeaProjects\\RealnessMC-Content-Pack\\build\\classes\\java\\main;realnessmc_content_pack%%C:\\Users\\laure\\IdeaProjects\\RealnessMC-Content-Pack\\build\\resources\\main from env
[02Oct2026 13:24:45.479] [main/DEBUG] [net.neoforged.fml.loading.targets.CommonLaunchHandler/CORE]: Found supplied mod coordinates [{realnessmc_content_pack=[C:\Users\laure\IdeaProjects\RealnessMC-Content-Pack\build\classes\java\main, C:\Users\laure\IdeaProjects\RealnessMC-Content-Pack\build\resources\main]}]
[02Oct2026 13:24:45.481] [main/DEBUG] [net.neoforged.fml.loading.targets.CommonDevLaunchHandler/]: Launching with NeoForge from C:\Users\laure\IdeaProjects\RealnessMC-Content-Pack\build\moddev\artifacts\neoforge-21.1.248.jar
[02Oct2026 13:24:45.495] [main/DEBUG] [net.neoforged.fml.util.ServiceLoaderUtil/CORE]: Found 4 implementations of IModFileCandidateLocator:
[02Oct2026 13:24:45.495] [main/DEBUG] [net.neoforged.fml.util.ServiceLoaderUtil/CORE]: 	       0 - [built-in] net.neoforged.fml.loading.moddiscovery.locators.NeoForgeDevProvider from loader-4.0.43.jar
[02Oct2026 13:24:45.496] [main/DEBUG] [net.neoforged.fml.util.ServiceLoaderUtil/CORE]: 	       0 - net.neoforged.fml.loading.moddiscovery.locators.ModsFolderLocator from loader-4.0.43.jar
[02Oct2026 13:24:45.496] [main/DEBUG] [net.neoforged.fml.util.ServiceLoaderUtil/CORE]: 	       0 - net.neoforged.fml.loading.moddiscovery.locators.MavenDirectoryLocator from loader-4.0.43.jar
[02Oct2026 13:24:45.496] [main/DEBUG] [net.neoforged.fml.util.ServiceLoaderUtil/CORE]: 	   -1000 - [built-in] net.neoforged.fml.loading.moddiscovery.locators.UserdevLocator from loader-4.0.43.jar
[02Oct2026 13:24:45.498] [main/DEBUG] [net.neoforged.fml.util.ServiceLoaderUtil/CORE]: Found 2 implementations of IModFileReader:
[02Oct2026 13:24:45.498] [main/DEBUG] [net.neoforged.fml.util.ServiceLoaderUtil/CORE]: 	       0 - net.neoforged.fml.loading.moddiscovery.readers.JarModsDotTomlModFileReader from loader-4.0.43.jar
[02Oct2026 13:24:45.498] [main/DEBUG] [net.neoforged.fml.util.ServiceLoaderUtil/CORE]: 	   -1000 - net.neoforged.fml.loading.moddiscovery.readers.NestedLibraryModReader from loader-4.0.43.jar
[02Oct2026 13:24:45.500] [main/DEBUG] [net.neoforged.fml.util.ServiceLoaderUtil/CORE]: Found 1 implementations of IDependencyLocator:
[02Oct2026 13:24:45.500] [main/DEBUG] [net.neoforged.fml.util.ServiceLoaderUtil/CORE]: 	       0 - net.neoforged.fml.loading.moddiscovery.locators.JarInJarDependencyLocator from loader-4.0.43.jar
[02Oct2026 13:24:45.577] [main/DEBUG] [net.neoforged.fml.loading.moddiscovery.ModFileInfo/LOADING]: Found valid mod file neoforge-21.1.248.jar with {minecraft} mods - versions {1.21.1}
[02Oct2026 13:24:45.581] [main/DEBUG] [net.neoforged.fml.loading.moddiscovery.ModFileParser/LOADING]: Considering mod file candidate C:\Users\laure\IdeaProjects\RealnessMC-Content-Pack\build\moddev\artifacts\neoforge-21.1.248.jar
[02Oct2026 13:24:45.594] [main/DEBUG] [net.neoforged.fml.loading.moddiscovery.ModFileInfo/LOADING]: Found valid mod file neoforge-21.1.248.jar with {neoforge} mods - versions {21.1.248}
[02Oct2026 13:24:45.596] [main/DEBUG] [net.neoforged.fml.loading.moddiscovery.ModFileParser/LOADING]: Considering mod file candidate C:\Users\laure\IdeaProjects\RealnessMC-Content-Pack\run\mods\ponderer-1.21.1-neoforge-1.10.6.1.jar
[02Oct2026 13:24:45.604] [main/DEBUG] [net.neoforged.fml.loading.moddiscovery.ModFileInfo/LOADING]: Found valid mod file ponderer-1.21.1-neoforge-1.10.6.1.jar with {ponderer} mods - versions {1.10.6.1}
[02Oct2026 13:24:45.608] [main/DEBUG] [net.neoforged.fml.loading.moddiscovery.ModListHandler/CORE]: Found mod coordinates from lists: []
[02Oct2026 13:24:45.609] [main/DEBUG] [net.neoforged.fml.loading.moddiscovery.ModFileParser/LOADING]: Considering mod file candidate C:\Users\laure\IdeaProjects\RealnessMC-Content-Pack\build\classes\java\main
[02Oct2026 13:24:45.611] [main/DEBUG] [net.neoforged.fml.loading.moddiscovery.ModFileInfo/LOADING]: Found valid mod file main with {realnessmc_content_pack} mods - versions {0.2.0-dev}
[02Oct2026 13:24:45.617] [main/DEBUG] [net.neoforged.fml.loading.moddiscovery.ModFileParser/LOADING]: Considering mod file candidate C:\Users\laure\IdeaProjects\RealnessMC-Content-Pack\build\moddev\artifacts\neoforge-21.1.248.jar
[02Oct2026 13:24:45.619] [main/DEBUG] [net.neoforged.fml.loading.moddiscovery.ModFileInfo/LOADING]: Found valid mod file neoforge-21.1.248.jar with {neoforge} mods - versions {21.1.248}
[02Oct2026 13:24:45.620] [main/DEBUG] [net.neoforged.fml.loading.moddiscovery.ModFileParser/LOADING]: Considering mod file candidate C:\Users\laure\.gradle\caches\modules-2\files-2.1\net.createmod.ponder\ponder-neoforge\1.0.81+mc1.21.1\33d5fda0be2726256eb4722f1da2dad5d073d08d\ponder-neoforge-1.0.81+mc1.21.1.jar
[02Oct2026 13:24:45.621] [main/DEBUG] [net.neoforged.fml.loading.moddiscovery.ModFileInfo/LOADING]: Found valid mod file ponder-neoforge-1.0.81+mc1.21.1.jar with {ponder} mods - versions {1.0.81+mc1.21.1}
[02Oct2026 13:24:45.623] [main/DEBUG] [net.neoforged.fml.loading.moddiscovery.ModFileParser/LOADING]: Considering mod file candidate C:\Users\laure\.gradle\caches\modules-2\files-2.1\dev.engine-room.flywheel\flywheel-neoforge-1.21.1\1.0.4\47fe9da825b4479bbac55d6432d5932ee76f32f0\flywheel-neoforge-1.21.1-1.0.4.jar
[02Oct2026 13:24:45.624] [main/DEBUG] [net.neoforged.fml.loading.moddiscovery.ModFileInfo/LOADING]: Found valid mod file flywheel-neoforge-1.21.1-1.0.4.jar with {flywheel} mods - versions {1.0.4}
[02Oct2026 13:24:45.639] [main/DEBUG] [net.neoforged.fml.loading.moddiscovery.ModDiscoverer/]: Skipping C:\Users\laure\.gradle\caches\modules-2\files-2.1\net.neoforged.fancymodloader\earlydisplay\4.0.43\3a941fcf258b5a7dde0445377a7206a55d11630d\earlydisplay-4.0.43.jar because it was already located earlier
[02Oct2026 13:24:45.639] [main/DEBUG] [net.neoforged.fml.loading.moddiscovery.ModDiscoverer/]: Skipping C:\Users\laure\.gradle\caches\modules-2\files-2.1\net.neoforged.fancymodloader\loader\4.0.43\fb10b7bf2f568a9676ad8b426b19c23badbbd98a\loader-4.0.43.jar because it was already located earlier
[02Oct2026 13:24:45.639] [main/DEBUG] [net.neoforged.fml.loading.moddiscovery.ModDiscoverer/]: Skipping C:\Users\laure\.gradle\caches\modules-2\files-2.1\net.neoforged.accesstransformers\at-modlauncher\10.0.1\5aba50202aceead086bc09fbc2751c9f05cb4890\at-modlauncher-10.0.1.jar because it was already located earlier
[02Oct2026 13:24:45.639] [main/DEBUG] [net.neoforged.fml.loading.moddiscovery.ModDiscoverer/]: Skipping C:\Users\laure\.gradle\caches\modules-2\files-2.1\net.neoforged\accesstransformers\10.0.1\fd83b5725f76eae9115e9355fa1c456a6a441400\accesstransformers-10.0.1.jar because it was already located earlier
[02Oct2026 13:24:45.639] [main/DEBUG] [net.neoforged.fml.loading.moddiscovery.ModDiscoverer/]: Skipping C:\Users\laure\.gradle\caches\modules-2\files-2.1\net.neoforged\bus\8.0.5\5b2d33285ab5d1554e9798ad98c40d6ea3868bd5\bus-8.0.5.jar because it was already located earlier
[02Oct2026 13:24:45.639] [main/DEBUG] [net.neoforged.fml.loading.moddiscovery.ModDiscoverer/]: Skipping C:\Users\laure\.gradle\caches\modules-2\files-2.1\net.neoforged\coremods\7.0.3\9147e6f638b4272b3bd5fc8f92ad37802512c6c\coremods-7.0.3.jar because it was already located earlier
[02Oct2026 13:24:45.639] [main/DEBUG] [net.neoforged.fml.loading.moddiscovery.ModDiscoverer/]: Skipping C:\Users\laure\.gradle\caches\modules-2\files-2.1\cpw.mods\modlauncher\11.0.5\b8f0d49294f733fdb6173931b263553e943dc950\modlauncher-11.0.5.jar because it was already located earlier
[02Oct2026 13:24:45.640] [main/DEBUG] [net.neoforged.fml.loading.moddiscovery.ModDiscoverer/]: Skipping C:\Users\laure\.gradle\caches\modules-2\files-2.1\net.neoforged\mergetool\2.0.0\52fe1949be64e3303aabaaa21e315f551db9c9f4\mergetool-2.0.0-api.jar because it was already located earlier
[02Oct2026 13:24:45.640] [main/DEBUG] [net.neoforged.fml.loading.moddiscovery.ModDiscoverer/]: Skipping C:\Users\laure\.gradle\caches\modules-2\files-2.1\com.electronwill.night-config\toml\3.8.3\90b2fd6efcb4a7d5b9810cf78f9d824994d717f2\toml-3.8.3.jar because it was already located earlier
[02Oct2026 13:24:45.640] [main/DEBUG] [net.neoforged.fml.loading.moddiscovery.ModDiscoverer/]: Skipping C:\Users\laure\.gradle\caches\modules-2\files-2.1\com.electronwill.night-config\core\3.8.3\b442a95f09e349927f5a945ecb594455870fcf4f\core-3.8.3.jar because it was already located earlier
[02Oct2026 13:24:45.640] [main/DEBUG] [net.neoforged.fml.loading.moddiscovery.ModDiscoverer/]: Skipping C:\Users\laure\.gradle\caches\modules-2\files-2.1\net.neoforged\JarJarSelector\0.4.1\fb3cc7a58af22ad2880adb98af6d518128c47dae\JarJarSelector-0.4.1.jar because it was already located earlier
[02Oct2026 13:24:45.640] [main/DEBUG] [net.neoforged.fml.loading.moddiscovery.ModDiscoverer/]: Skipping C:\Users\laure\.gradle\caches\modules-2\files-2.1\net.neoforged\JarJarMetadata\0.4.1\f8da03683dc81694556dc3e177c5e3bb77ae6fcb\JarJarMetadata-0.4.1.jar because it was already located earlier
[02Oct2026 13:24:45.640] [main/DEBUG] [net.neoforged.fml.loading.moddiscovery.ModDiscoverer/]: Skipping C:\Users\laure\.gradle\caches\modules-2\files-2.1\org.apache.maven\maven-artifact\3.8.5\4433f50c07debefaed0553bd0068f4f48d449313\maven-artifact-3.8.5.jar because it was already located earlier
[02Oct2026 13:24:45.640] [main/DEBUG] [net.neoforged.fml.loading.moddiscovery.ModDiscoverer/]: Skipping C:\Users\laure\.gradle\caches\modules-2\files-2.1\net.jodah\typetools\0.6.3\a01aaa6ddaea9ec07ec4f209487b7a46a526283a\typetools-0.6.3.jar because it was already located earlier
[02Oct2026 13:24:45.640] [main/DEBUG] [net.neoforged.fml.loading.moddiscovery.ModDiscoverer/]: Skipping C:\Users\laure\.gradle\caches\modules-2\files-2.1\net.minecrell\terminalconsoleappender\1.3.0\b562e9bb61235c9520e26282cdee71f8f802d1fc\terminalconsoleappender-1.3.0.jar because it was already located earlier
[02Oct2026 13:24:45.640] [main/DEBUG] [net.neoforged.fml.loading.moddiscovery.ModDiscoverer/]: Skipping C:\Users\laure\.gradle\caches\modules-2\files-2.1\net.fabricmc\sponge-mixin\0.15.2+mixin.0.8.7\2af2f021d8e02a0220dc27a7a72b4666d66d44ca\sponge-mixin-0.15.2+mixin.0.8.7.jar because it was already located earlier
[02Oct2026 13:24:45.640] [main/DEBUG] [net.neoforged.fml.loading.moddiscovery.ModDiscoverer/]: Skipping C:\Users\laure\.gradle\caches\modules-2\files-2.1\org.openjdk.nashorn\nashorn-core\15.4\f67f5ffaa5f5130cf6fb9b133da00c7df3b532a5\nashorn-core-15.4.jar because it was already located earlier
[02Oct2026 13:24:45.640] [main/DEBUG] [net.neoforged.fml.loading.moddiscovery.ModDiscoverer/]: Skipping C:\Users\laure\.gradle\caches\modules-2\files-2.1\org.apache.commons\commons-lang3\3.14.0\1ed471194b02f2c6cb734a0cd6f6f107c673afae\commons-lang3-3.14.0.jar because it was already located earlier
[02Oct2026 13:24:45.640] [main/DEBUG] [net.neoforged.fml.loading.moddiscovery.ModDiscoverer/]: Skipping C:\Users\laure\.gradle\caches\modules-2\files-2.1\net.sf.jopt-simple\jopt-simple\5.0.4\4fdac2fbe92dfad86aa6e9301736f6b4342a3f5c\jopt-simple-5.0.4.jar because it was already located earlier
[02Oct2026 13:24:45.640] [main/DEBUG] [net.neoforged.fml.loading.moddiscovery.ModDiscoverer/]: Skipping C:\Users\laure\.gradle\caches\modules-2\files-2.1\commons-io\commons-io\2.15.1\f11560da189ab563a5c8e351941415430e9304ea\commons-io-2.15.1.jar because it was already located earlier
[02Oct2026 13:24:45.641] [main/DEBUG] [net.neoforged.fml.loading.moddiscovery.ModDiscoverer/]: Skipping C:\Users\laure\.gradle\caches\modules-2\files-2.1\com.mojang\logging\1.2.7\24cb95ffb0e3433fd6e844c04e68009e504ca1c0\logging-1.2.7.jar because it was already located earlier
[02Oct2026 13:24:45.641] [main/DEBUG] [net.neoforged.fml.loading.moddiscovery.ModDiscoverer/]: Skipping C:\Users\laure\.gradle\caches\modules-2\files-2.1\org.apache.logging.log4j\log4j-slf4j2-impl\2.22.1\d7e6693c2606cb7e7335047d7bb96dec52db5665\log4j-slf4j2-impl-2.22.1.jar because it was already located earlier
[02Oct2026 13:24:45.641] [main/DEBUG] [net.neoforged.fml.loading.moddiscovery.ModDiscoverer/]: Skipping C:\Users\laure\.gradle\caches\modules-2\files-2.1\org.apache.logging.log4j\log4j-core\2.22.1\7183a25510a02ad00cc6a95d3b3d2a7d3c5a8dc4\log4j-core-2.22.1.jar because it was already located earlier
[02Oct2026 13:24:45.641] [main/DEBUG] [net.neoforged.fml.loading.moddiscovery.ModDiscoverer/]: Skipping C:\Users\laure\.gradle\caches\modules-2\files-2.1\org.apache.logging.log4j\log4j-api\2.22.1\bea6fede6328fabafd7e68363161a7ea6605abd1\log4j-api-2.22.1.jar because it was already located earlier
[02Oct2026 13:24:45.641] [main/DEBUG] [net.neoforged.fml.loading.moddiscovery.ModDiscoverer/]: Skipping C:\Users\laure\.gradle\caches\modules-2\files-2.1\com.google.guava\guava\32.1.2-jre\5e64ec7e056456bef3a4bc4c6fdaef71e8ab6318\guava-32.1.2-jre.jar because it was already located earlier
[02Oct2026 13:24:45.641] [main/DEBUG] [net.neoforged.fml.loading.moddiscovery.ModDiscoverer/]: Skipping C:\Users\laure\.gradle\caches\modules-2\files-2.1\com.google.code.gson\gson\2.10.1\b3add478d4382b78ea20b1671390a858002feb6c\gson-2.10.1.jar because it was already located earlier
[02Oct2026 13:24:45.641] [main/DEBUG] [net.neoforged.fml.loading.moddiscovery.ModDiscoverer/]: Skipping C:\Users\laure\.gradle\caches\modules-2\files-2.1\org.slf4j\slf4j-api\2.0.9\7cf2726fdcfbc8610f9a71fb3ed639871f315340\slf4j-api-2.0.9.jar because it was already located earlier
[02Oct2026 13:24:45.641] [main/DEBUG] [net.neoforged.fml.loading.moddiscovery.ModDiscoverer/]: Skipping C:\Users\laure\.gradle\caches\modules-2\files-2.1\org.antlr\antlr4-runtime\4.13.1\17125bae1d965624e265ef49552f6465a2bfa307\antlr4-runtime-4.13.1.jar because it was already located earlier
[02Oct2026 13:24:45.641] [main/DEBUG] [net.neoforged.fml.loading.moddiscovery.ModDiscoverer/]: Skipping C:\Users\laure\.gradle\caches\modules-2\files-2.1\net.minecraftforge\srgutils\0.4.15\ca408b131759478f164e010fae0d73997e125fb5\srgutils-0.4.15.jar because it was already located earlier
[02Oct2026 13:24:45.641] [main/DEBUG] [net.neoforged.fml.loading.moddiscovery.ModDiscoverer/]: Skipping C:\Users\laure\.gradle\caches\modules-2\files-2.1\org.codehaus.plexus\plexus-utils\3.3.0\cf43b5391de623b36fe066a21127baef82c64022\plexus-utils-3.3.0.jar because it was already located earlier
[02Oct2026 13:24:45.641] [main/DEBUG] [net.neoforged.fml.loading.moddiscovery.ModDiscoverer/]: Skipping C:\Users\laure\.gradle\caches\modules-2\files-2.1\org.jline\jline-reader\3.20.0\8f15415b022a25b473e8e16c28ae913186ffb9c4\jline-reader-3.20.0.jar because it was already located earlier
[02Oct2026 13:24:45.641] [main/DEBUG] [net.neoforged.fml.loading.moddiscovery.ModDiscoverer/]: Skipping C:\Users\laure\.gradle\caches\modules-2\files-2.1\com.machinezoo.noexception\noexception\1.7.1\b65330c98e38a1f915fa54a6e5eca496505e3f0a\noexception-1.7.1.jar because it was already located earlier
[02Oct2026 13:24:45.641] [main/DEBUG] [net.neoforged.fml.loading.moddiscovery.ModDiscoverer/]: Skipping C:\Users\laure\.gradle\caches\modules-2\files-2.1\com.github.oshi\oshi-core\6.4.10\b1d8ab82d11d92fd639b56d639f8f46f739dd5fa\oshi-core-6.4.10.jar because it was already located earlier
[02Oct2026 13:24:45.641] [main/DEBUG] [net.neoforged.fml.loading.moddiscovery.ModDiscoverer/]: Skipping C:\Users\laure\.gradle\caches\modules-2\files-2.1\com.google.guava\failureaccess\1.0.1\1dcf1de382a0bf95a3d8b0849546c88bac1292c9\failureaccess-1.0.1.jar because it was already located earlier
[02Oct2026 13:24:45.641] [main/DEBUG] [net.neoforged.fml.loading.moddiscovery.ModDiscoverer/]: Skipping C:\Users\laure\.gradle\caches\modules-2\files-2.1\com.ibm.icu\icu4j\73.2\61ad4ef7f9131fcf6d25c34b817f90d6da06c9e9\icu4j-73.2.jar because it was already located earlier
[02Oct2026 13:24:45.641] [main/DEBUG] [net.neoforged.fml.loading.moddiscovery.ModDiscoverer/]: Skipping C:\Users\laure\.gradle\caches\modules-2\files-2.1\com.mojang\authlib\6.0.54\de8bc95660e1b2fe8793fd427a7a10dcec5b3ea7\authlib-6.0.54.jar because it was already located earlier
[02Oct2026 13:24:45.641] [main/DEBUG] [net.neoforged.fml.loading.moddiscovery.ModDiscoverer/]: Skipping C:\Users\laure\.gradle\caches\modules-2\files-2.1\com.mojang\blocklist\1.0.10\5c685c5ffa94c4cd39496c7184c1d122e515ecef\blocklist-1.0.10.jar because it was already located earlier
[02Oct2026 13:24:45.642] [main/DEBUG] [net.neoforged.fml.loading.moddiscovery.ModDiscoverer/]: Skipping C:\Users\laure\.gradle\caches\modules-2\files-2.1\com.mojang\brigadier\1.3.10\d15b53a14cf20fdcaa98f731af5dda654452c010\brigadier-1.3.10.jar because it was already located earlier
[02Oct2026 13:24:45.642] [main/DEBUG] [net.neoforged.fml.loading.moddiscovery.ModDiscoverer/]: Skipping C:\Users\laure\.gradle\caches\modules-2\files-2.1\com.mojang\datafixerupper\8.0.16\67d4de6d7f95d89bcf5862995fb854ebaec02a34\datafixerupper-8.0.16.jar because it was already located earlier
[02Oct2026 13:24:45.642] [main/DEBUG] [net.neoforged.fml.loading.moddiscovery.ModDiscoverer/]: Skipping C:\Users\laure\.gradle\caches\modules-2\files-2.1\com.mojang\patchy\2.2.10\da05971b07cbb379d002cf7eaec6a2048211fefc\patchy-2.2.10.jar because it was already located earlier
[02Oct2026 13:24:45.642] [main/DEBUG] [net.neoforged.fml.loading.moddiscovery.ModDiscoverer/]: Skipping C:\Users\laure\.gradle\caches\modules-2\files-2.1\com.mojang\text2speech\1.17.9\3cad216e3a7f0c19b4b394388bc9ffc446f13b14\text2speech-1.17.9.jar because it was already located earlier
[02Oct2026 13:24:45.642] [main/DEBUG] [net.neoforged.fml.loading.moddiscovery.ModDiscoverer/]: Skipping C:\Users\laure\.gradle\caches\modules-2\files-2.1\commons-codec\commons-codec\1.16.0\4e3eb3d79888d76b54e28b350915b5dc3919c9de\commons-codec-1.16.0.jar because it was already located earlier
[02Oct2026 13:24:45.642] [main/DEBUG] [net.neoforged.fml.loading.moddiscovery.ModDiscoverer/]: Skipping C:\Users\laure\.gradle\caches\modules-2\files-2.1\commons-logging\commons-logging\1.2\4bfc12adfe4842bf07b657f0369c4cb522955686\commons-logging-1.2.jar because it was already located earlier
[02Oct2026 13:24:45.642] [main/DEBUG] [net.neoforged.fml.loading.moddiscovery.ModDiscoverer/]: Skipping C:\Users\laure\.gradle\caches\modules-2\files-2.1\io.netty\netty-buffer\4.1.97.Final\f8f3d8644afa5e6e1a40a3a6aeb9d9aa970ecb4f\netty-buffer-4.1.97.Final.jar because it was already located earlier
[02Oct2026 13:24:45.642] [main/DEBUG] [net.neoforged.fml.loading.moddiscovery.ModDiscoverer/]: Skipping C:\Users\laure\.gradle\caches\modules-2\files-2.1\io.netty\netty-codec\4.1.97.Final\384ba4d75670befbedb45c4d3b497a93639c206d\netty-codec-4.1.97.Final.jar because it was already located earlier
[02Oct2026 13:24:45.642] [main/DEBUG] [net.neoforged.fml.loading.moddiscovery.ModDiscoverer/]: Skipping C:\Users\laure\.gradle\caches\modules-2\files-2.1\io.netty\netty-common\4.1.97.Final\7cceacaf11df8dc63f23d0fb58e9d4640fc88404\netty-common-4.1.97.Final.jar because it was already located earlier
[02Oct2026 13:24:45.642] [main/DEBUG] [net.neoforged.fml.loading.moddiscovery.ModDiscoverer/]: Skipping C:\Users\laure\.gradle\caches\modules-2\files-2.1\io.netty\netty-handler\4.1.97.Final\abb86c6906bf512bf2b797a41cd7d2e8d3cd7c36\netty-handler-4.1.97.Final.jar because it was already located earlier
[02Oct2026 13:24:45.642] [main/DEBUG] [net.neoforged.fml.loading.moddiscovery.ModDiscoverer/]: Skipping C:\Users\laure\.gradle\caches\modules-2\files-2.1\io.netty\netty-resolver\4.1.97.Final\cec8348108dc76c47cf87c669d514be52c922144\netty-resolver-4.1.97.Final.jar because it was already located earlier
[02Oct2026 13:24:45.642] [pool-2-thread-1/INFO] [EARLYDISPLAY/]: GL info: NVIDIA GeForce RTX 5060 Ti/PCIe/SSE2 GL version 4.6.0 NVIDIA 616.92, NVIDIA Corporation
[02Oct2026 13:24:45.643] [main/DEBUG] [net.neoforged.fml.loading.moddiscovery.ModDiscoverer/]: Skipping C:\Users\laure\.gradle\caches\modules-2\files-2.1\io.netty\netty-transport-classes-epoll\4.1.97.Final\795da37ded759e862457a82d9d92c4d39ce8ecee\netty-transport-classes-epoll-4.1.97.Final.jar because it was already located earlier
[02Oct2026 13:24:45.643] [main/DEBUG] [net.neoforged.fml.loading.moddiscovery.ModDiscoverer/]: Skipping C:\Users\laure\.gradle\caches\modules-2\files-2.1\io.netty\netty-transport-native-unix-common\4.1.97.Final\d469d84265ab70095b01b40886cabdd433b6e664\netty-transport-native-unix-common-4.1.97.Final.jar because it was already located earlier
[02Oct2026 13:24:45.643] [main/DEBUG] [net.neoforged.fml.loading.moddiscovery.ModDiscoverer/]: Skipping C:\Users\laure\.gradle\caches\modules-2\files-2.1\io.netty\netty-transport\4.1.97.Final\f37380d23c9bb079bc702910833b2fd532c9abd0\netty-transport-4.1.97.Final.jar because it was already located earlier
[02Oct2026 13:24:45.643] [main/DEBUG] [net.neoforged.fml.loading.moddiscovery.ModDiscoverer/]: Skipping C:\Users\laure\.gradle\caches\modules-2\files-2.1\it.unimi.dsi\fastutil\8.5.12\c24946d46824bd528054bface3231d2ecb7e95e8\fastutil-8.5.12.jar because it was already located earlier
[02Oct2026 13:24:45.643] [main/DEBUG] [net.neoforged.fml.loading.moddiscovery.ModDiscoverer/]: Skipping C:\Users\laure\.gradle\caches\modules-2\files-2.1\net.java.dev.jna\jna-platform\5.14.0\28934d48aed814f11e4c584da55c49fa7032b31b\jna-platform-5.14.0.jar because it was already located earlier
[02Oct2026 13:24:45.643] [main/DEBUG] [net.neoforged.fml.loading.moddiscovery.ModDiscoverer/]: Skipping C:\Users\laure\.gradle\caches\modules-2\files-2.1\net.java.dev.jna\jna\5.14.0\67bf3eaea4f0718cb376a181a629e5f88fa1c9dd\jna-5.14.0.jar because it was already located earlier
[02Oct2026 13:24:45.643] [main/DEBUG] [net.neoforged.fml.loading.moddiscovery.ModDiscoverer/]: Skipping C:\Users\laure\.gradle\caches\modules-2\files-2.1\org.apache.commons\commons-compress\1.26.0\659feffdd12280201c8aacb8f7be94f9a883c824\commons-compress-1.26.0.jar because it was already located earlier
[02Oct2026 13:24:45.643] [main/DEBUG] [net.neoforged.fml.loading.moddiscovery.ModDiscoverer/]: Skipping C:\Users\laure\.gradle\caches\modules-2\files-2.1\org.apache.httpcomponents\httpclient\4.5.13\e5f6cae5ca7ecaac1ec2827a9e2d65ae2869cada\httpclient-4.5.13.jar because it was already located earlier
[02Oct2026 13:24:45.643] [main/DEBUG] [net.neoforged.fml.loading.moddiscovery.ModDiscoverer/]: Skipping C:\Users\laure\.gradle\caches\modules-2\files-2.1\org.apache.httpcomponents\httpcore\4.4.16\51cf043c87253c9f58b539c9f7e44c8894223850\httpcore-4.4.16.jar because it was already located earlier
[02Oct2026 13:24:45.643] [main/DEBUG] [net.neoforged.fml.loading.moddiscovery.ModDiscoverer/]: Skipping C:\Users\laure\.gradle\caches\modules-2\files-2.1\org.jcraft\jorbis\0.0.17\8872d22b293e8f5d7d56ff92be966e6dc28ebdc6\jorbis-0.0.17.jar because it was already located earlier
[02Oct2026 13:24:45.643] [main/DEBUG] [net.neoforged.fml.loading.moddiscovery.ModDiscoverer/]: Skipping C:\Users\laure\.gradle\caches\modules-2\files-2.1\org.joml\joml\1.10.5\22566d58af70ad3d72308bab63b8339906deb649\joml-1.10.5.jar because it was already located earlier
[02Oct2026 13:24:45.643] [main/DEBUG] [net.neoforged.fml.loading.moddiscovery.ModDiscoverer/]: Skipping C:\Users\laure\.gradle\caches\modules-2\files-2.1\org.lwjgl\lwjgl-freetype\3.3.3\a0db6c84a8becc8ca05f9dbfa985edc348a824c7\lwjgl-freetype-3.3.3.jar because it was already located earlier
[02Oct2026 13:24:45.646] [main/DEBUG] [net.neoforged.fml.loading.moddiscovery.ModDiscoverer/]: Skipping C:\Users\laure\.gradle\caches\modules-2\files-2.1\org.lwjgl\lwjgl-freetype\3.3.3\15a8c1de7f51d07a92eae7ce1222557073a0c0c3\lwjgl-freetype-3.3.3-natives-windows-x86.jar because it was already located earlier
[02Oct2026 13:24:45.646] [main/DEBUG] [net.neoforged.fml.loading.moddiscovery.ModDiscoverer/]: Skipping C:\Users\laure\.gradle\caches\modules-2\files-2.1\org.lwjgl\lwjgl-glfw\3.3.3\efa1eb78c5ccd840e9f329717109b5e892d72f8e\lwjgl-glfw-3.3.3.jar because it was already located earlier
[02Oct2026 13:24:45.649] [main/DEBUG] [net.neoforged.fml.loading.moddiscovery.ModDiscoverer/]: Skipping C:\Users\laure\.gradle\caches\modules-2\files-2.1\org.lwjgl\lwjgl-glfw\3.3.3\32334f3fd5270a59bad9939a93115acb6de36dcf\lwjgl-glfw-3.3.3-natives-windows-x86.jar because it was already located earlier
[02Oct2026 13:24:45.649] [main/DEBUG] [net.neoforged.fml.loading.moddiscovery.ModDiscoverer/]: Skipping C:\Users\laure\.gradle\caches\modules-2\files-2.1\org.lwjgl\lwjgl-jemalloc\3.3.3\b543467b7ff3c6920539a88ee602d34098628be5\lwjgl-jemalloc-3.3.3.jar because it was already located earlier
[02Oct2026 13:24:45.650] [main/DEBUG] [net.neoforged.fml.loading.moddiscovery.ModDiscoverer/]: Skipping C:\Users\laure\.gradle\caches\modules-2\files-2.1\org.lwjgl\lwjgl-jemalloc\3.3.3\426222fc027602a5f21b9c0fe79cde6a4c7a011f\lwjgl-jemalloc-3.3.3-natives-windows.jar because it was already located earlier
[02Oct2026 13:24:45.654] [main/DEBUG] [net.neoforged.fml.loading.moddiscovery.ModDiscoverer/]: Skipping C:\Users\laure\.gradle\caches\modules-2\files-2.1\org.lwjgl\lwjgl-openal\3.3.3\daada81ceb5fc0c291fbfdd4433cb8d9423577f2\lwjgl-openal-3.3.3.jar because it was already located earlier
[02Oct2026 13:24:45.657] [main/DEBUG] [net.neoforged.fml.loading.moddiscovery.ModDiscoverer/]: Skipping C:\Users\laure\.gradle\caches\modules-2\files-2.1\org.lwjgl\lwjgl-openal\3.3.3\87b8d5050e3adb46bb58fe1cb2669a4a48fce10d\lwjgl-openal-3.3.3-natives-windows-x86.jar because it was already located earlier
[02Oct2026 13:24:45.657] [main/DEBUG] [net.neoforged.fml.loading.moddiscovery.ModDiscoverer/]: Skipping C:\Users\laure\.gradle\caches\modules-2\files-2.1\org.lwjgl\lwjgl-opengl\3.3.3\2f6b0147078396a58979125a4c947664e98293a\lwjgl-opengl-3.3.3.jar because it was already located earlier
[02Oct2026 13:24:45.659] [main/DEBUG] [net.neoforged.fml.loading.moddiscovery.ModDiscoverer/]: Skipping C:\Users\laure\.gradle\caches\modules-2\files-2.1\org.lwjgl\lwjgl-opengl\3.3.3\65e956d3735a1abdc82eff4baec1b61174697d4b\lwjgl-opengl-3.3.3-natives-windows-arm64.jar because it was already located earlier
[02Oct2026 13:24:45.660] [main/DEBUG] [net.neoforged.fml.loading.moddiscovery.ModDiscoverer/]: Skipping C:\Users\laure\.gradle\caches\modules-2\files-2.1\org.lwjgl\lwjgl-stb\3.3.3\25dd6161988d7e65f71d5065c99902402ee32746\lwjgl-stb-3.3.3.jar because it was already located earlier
[02Oct2026 13:24:45.660] [main/DEBUG] [net.neoforged.fml.loading.moddiscovery.ModDiscoverer/]: Skipping C:\Users\laure\.gradle\caches\modules-2\files-2.1\org.lwjgl\lwjgl-stb\3.3.3\1d9facdf6541de114b0f963be33505b7679c78cb\lwjgl-stb-3.3.3-natives-windows.jar because it was already located earlier
[02Oct2026 13:24:45.663] [main/DEBUG] [net.neoforged.fml.loading.moddiscovery.ModDiscoverer/]: Skipping C:\Users\laure\.gradle\caches\modules-2\files-2.1\org.lwjgl\lwjgl-tinyfd\3.3.3\82d755ca94b102e9ca77283b9e2dc46d1b15fbe5\lwjgl-tinyfd-3.3.3.jar because it was already located earlier
[02Oct2026 13:24:45.663] [main/DEBUG] [net.neoforged.fml.loading.moddiscovery.ModDiscoverer/]: Skipping C:\Users\laure\.gradle\caches\modules-2\files-2.1\org.lwjgl\lwjgl-tinyfd\3.3.3\a6697981b0449a5087c1d546fc08b4f73e8f98c9\lwjgl-tinyfd-3.3.3-natives-windows.jar because it was already located earlier
[02Oct2026 13:24:45.666] [main/DEBUG] [net.neoforged.fml.loading.moddiscovery.ModDiscoverer/]: Skipping C:\Users\laure\.gradle\caches\modules-2\files-2.1\org.lwjgl\lwjgl\3.3.3\29589b5f87ed335a6c7e7ee6a5775f81f97ecb84\lwjgl-3.3.3.jar because it was already located earlier
[02Oct2026 13:24:45.668] [main/DEBUG] [net.neoforged.fml.loading.moddiscovery.ModDiscoverer/]: Skipping C:\Users\laure\.gradle\caches\modules-2\files-2.1\org.lwjgl\lwjgl\3.3.3\9e670718e050aeaeea0c2d5b907cffb142f2e58f\lwjgl-3.3.3-natives-windows-x86.jar because it was already located earlier
[02Oct2026 13:24:45.668] [main/DEBUG] [net.neoforged.fml.loading.moddiscovery.ModDiscoverer/]: Skipping C:\Users\laure\.gradle\caches\modules-2\files-2.1\org.lz4\lz4-java\1.8.0\4b986a99445e49ea5fbf5d149c4b63f6ed6c6780\lz4-java-1.8.0.jar because it was already located earlier
[02Oct2026 13:24:45.669] [main/DEBUG] [net.neoforged.fml.loading.moddiscovery.ModDiscoverer/]: Skipping C:\Users\laure\.gradle\caches\modules-2\files-2.1\org.jline\jline-terminal\3.20.0\d0ddcc708ddf527a3454c941b7b9225cc83a15ff\jline-terminal-3.20.0.jar because it was already located earlier
[02Oct2026 13:24:45.669] [main/DEBUG] [net.neoforged.fml.loading.moddiscovery.ModDiscoverer/]: Skipping C:\Users\laure\.gradle\caches\modules-2\files-2.1\com.google.guava\listenablefuture\9999.0-empty-to-avoid-conflict-with-guava\b421526c5f297295adef1c886e5246c39d4ac629\listenablefuture-9999.0-empty-to-avoid-conflict-with-guava.jar because it was already located earlier
[02Oct2026 13:24:45.669] [main/DEBUG] [net.neoforged.fml.loading.moddiscovery.ModDiscoverer/]: Skipping C:\Users\laure\.gradle\caches\modules-2\files-2.1\com.google.code.findbugs\jsr305\3.0.2\25ea2e8b0c338a877313bd4672d3fe056ea78f0d\jsr305-3.0.2.jar because it was already located earlier
[02Oct2026 13:24:45.669] [main/DEBUG] [net.neoforged.fml.loading.moddiscovery.ModDiscoverer/]: Skipping C:\Users\laure\.gradle\caches\modules-2\files-2.1\org.checkerframework\checker-qual\3.33.0\de2b60b62da487644fc11f734e73c8b0b431238f\checker-qual-3.33.0.jar because it was already located earlier
[02Oct2026 13:24:45.669] [main/DEBUG] [net.neoforged.fml.loading.moddiscovery.ModDiscoverer/]: Skipping C:\Users\laure\.gradle\caches\modules-2\files-2.1\com.google.errorprone\error_prone_annotations\2.18.0\89b684257096f548fa39a7df9fdaa409d4d4df91\error_prone_annotations-2.18.0.jar because it was already located earlier
[02Oct2026 13:24:45.670] [main/DEBUG] [net.neoforged.fml.loading.moddiscovery.ModDiscoverer/]: Skipping C:\Users\laure\.gradle\caches\modules-2\files-2.1\com.google.j2objc\j2objc-annotations\2.8\c85270e307e7b822f1086b93689124b89768e273\j2objc-annotations-2.8.jar because it was already located earlier
[02Oct2026 13:24:45.671] [main/DEBUG] [net.neoforged.fml.loading.UniqueModListBuilder/]: Found 2 mods for first modid neoforge, selecting most recent based on version data
[02Oct2026 13:24:45.672] [main/DEBUG] [net.neoforged.fml.loading.UniqueModListBuilder/]: Selected file neoforge-21.1.248.jar for modid neoforge with version 21.1.248
[02Oct2026 13:24:45.737] [main/DEBUG] [net.neoforged.fml.loading.moddiscovery.ModFileParser/LOADING]: Considering mod file candidate 
[02Oct2026 13:24:45.739] [main/DEBUG] [net.neoforged.fml.loading.moddiscovery.ModFileInfo/LOADING]: Found valid mod file flywheel-neoforge-1.21.1-1.0.6-44.jar with {flywheel} mods - versions {1.0.6-44}
[02Oct2026 13:24:45.747] [main/DEBUG] [net.neoforged.fml.loading.moddiscovery.ModFileParser/LOADING]: Considering mod file candidate 
[02Oct2026 13:24:45.748] [main/DEBUG] [net.neoforged.fml.loading.moddiscovery.ModFileInfo/LOADING]: Found valid mod file Ponder-NeoForge-1.21.1-1.0.69.jar with {ponder} mods - versions {1.0.69}
[02Oct2026 13:24:45.778] [main/DEBUG] [net.neoforged.fml.loading.moddiscovery.ModFileParser/LOADING]: Considering mod file candidate 
[02Oct2026 13:24:45.779] [main/DEBUG] [net.neoforged.fml.loading.moddiscovery.ModFileInfo/LOADING]: Found valid mod file flywheel-neoforge-1.21.1-1.0.6-44.jar with {flywheel} mods - versions {1.0.6-44}
[02Oct2026 13:24:45.785] [main/DEBUG] [net.neoforged.fml.loading.moddiscovery.ModFileParser/LOADING]: Considering mod file candidate 
[02Oct2026 13:24:45.786] [main/DEBUG] [net.neoforged.fml.loading.moddiscovery.ModFileInfo/LOADING]: Found valid mod file Ponder-NeoForge-1.21.1-1.0.69.jar with {ponder} mods - versions {1.0.69}
[02Oct2026 13:24:45.787] [main/WARN] [net.neoforged.jarjar.selection.JarSelector/]: Attempted to select a dependency jar for JarJar which was passed in as source: flywheel. Using Mod File: C:\Users\laure\.gradle\caches\modules-2\files-2.1\dev.engine-room.flywheel\flywheel-neoforge-1.21.1\1.0.4\47fe9da825b4479bbac55d6432d5932ee76f32f0\flywheel-neoforge-1.21.1-1.0.4.jar
[02Oct2026 13:24:45.787] [main/WARN] [net.neoforged.jarjar.selection.JarSelector/]: Attempted to select a dependency jar for JarJar which was passed in as source: ponder. Using Mod File: C:\Users\laure\.gradle\caches\modules-2\files-2.1\net.createmod.ponder\ponder-neoforge\1.0.81+mc1.21.1\33d5fda0be2726256eb4722f1da2dad5d073d08d\ponder-neoforge-1.0.81+mc1.21.1.jar
[02Oct2026 13:24:45.787] [main/INFO] [net.neoforged.fml.loading.moddiscovery.locators.JarInJarDependencyLocator/]: Found 2 dependencies adding them to mods collection
[02Oct2026 13:24:45.789] [main/INFO] [net.neoforged.fml.loading.moddiscovery.ModDiscoverer/]: 
     Mod List:
		Name Version (Mod Id)

		Flywheel 1.0.4 (flywheel)
		Minecraft 1.21.1 (minecraft)
		NeoForge 21.1.248 (neoforge)
		Ponder 1.0.81+mc1.21.1 (ponder)
		Ponderer 1.10.6.1 (ponderer)
		RealnessMC Content Pack 0.2.0-dev (realnessmc_content_pack)
[02Oct2026 13:24:45.790] [main/DEBUG] [net.neoforged.fml.loading.moddiscovery.ModFileInfo/LOADING]: Found valid mod file neoforge-21.1.248.jar with {minecraft} mods - versions {1.21.1}
[02Oct2026 13:24:45.793] [main/DEBUG] [net.neoforged.fml.loading.moddiscovery.ModFile/LOADING]: Loading mod file C:\Users\laure\IdeaProjects\RealnessMC-Content-Pack\build\moddev\artifacts\neoforge-21.1.248.jar with languages [LanguageSpec[languageName=minecraft, acceptedVersions=1]]
[02Oct2026 13:24:45.795] [main/DEBUG] [net.neoforged.fml.loading.moddiscovery.ModFileParser/LOADING]: Considering mod file candidate C:\Users\laure\IdeaProjects\RealnessMC-Content-Pack\run\mods\ponderer-1.21.1-neoforge-1.10.6.1.jar
[02Oct2026 13:24:45.796] [main/DEBUG] [net.neoforged.fml.loading.moddiscovery.ModFileInfo/LOADING]: Found valid mod file ponderer-1.21.1-neoforge-1.10.6.1.jar with {ponderer} mods - versions {1.10.6.1}
[02Oct2026 13:24:45.796] [main/DEBUG] [net.neoforged.fml.loading.moddiscovery.ModFile/LOADING]: Loading mod file C:\Users\laure\IdeaProjects\RealnessMC-Content-Pack\run\mods\ponderer-1.21.1-neoforge-1.10.6.1.jar with languages [LanguageSpec[languageName=javafml, acceptedVersions=[4,)]]
[02Oct2026 13:24:45.797] [main/DEBUG] [net.neoforged.fml.loading.moddiscovery.ModFile/LOADING]: Found mixin config MixinConfig[config=ponderer.mixins.json, requiredMods=[]]
[02Oct2026 13:24:45.797] [main/DEBUG] [net.neoforged.fml.loading.moddiscovery.ModFileParser/LOADING]: Considering mod file candidate C:\Users\laure\IdeaProjects\RealnessMC-Content-Pack\build\classes\java\main
[02Oct2026 13:24:45.798] [main/DEBUG] [net.neoforged.fml.loading.moddiscovery.ModFileInfo/LOADING]: Found valid mod file main with {realnessmc_content_pack} mods - versions {0.2.0-dev}
[02Oct2026 13:24:45.799] [main/DEBUG] [net.neoforged.fml.loading.moddiscovery.ModFile/LOADING]: Loading mod file C:\Users\laure\IdeaProjects\RealnessMC-Content-Pack\build\classes\java\main with languages [LanguageSpec[languageName=javafml, acceptedVersions=[4,)]]
[02Oct2026 13:24:45.799] [main/DEBUG] [net.neoforged.fml.loading.moddiscovery.ModFileParser/LOADING]: Considering mod file candidate C:\Users\laure\.gradle\caches\modules-2\files-2.1\dev.engine-room.flywheel\flywheel-neoforge-1.21.1\1.0.4\47fe9da825b4479bbac55d6432d5932ee76f32f0\flywheel-neoforge-1.21.1-1.0.4.jar
[02Oct2026 13:24:45.800] [main/DEBUG] [net.neoforged.fml.loading.moddiscovery.ModFileInfo/LOADING]: Found valid mod file flywheel-neoforge-1.21.1-1.0.4.jar with {flywheel} mods - versions {1.0.4}
[02Oct2026 13:24:45.800] [main/DEBUG] [net.neoforged.fml.loading.moddiscovery.ModFile/LOADING]: Loading mod file C:\Users\laure\.gradle\caches\modules-2\files-2.1\dev.engine-room.flywheel\flywheel-neoforge-1.21.1\1.0.4\47fe9da825b4479bbac55d6432d5932ee76f32f0\flywheel-neoforge-1.21.1-1.0.4.jar with languages [LanguageSpec[languageName=javafml, acceptedVersions=[0,)]]
[02Oct2026 13:24:45.800] [main/DEBUG] [net.neoforged.fml.loading.moddiscovery.ModFile/LOADING]: Found mixin config MixinConfig[config=flywheel.backend.mixins.json, requiredMods=[]]
[02Oct2026 13:24:45.800] [main/DEBUG] [net.neoforged.fml.loading.moddiscovery.ModFile/LOADING]: Found mixin config MixinConfig[config=flywheel.impl.mixins.json, requiredMods=[]]
[02Oct2026 13:24:45.800] [main/DEBUG] [net.neoforged.fml.loading.moddiscovery.ModFileParser/LOADING]: Considering mod file candidate C:\Users\laure\.gradle\caches\modules-2\files-2.1\net.createmod.ponder\ponder-neoforge\1.0.81+mc1.21.1\33d5fda0be2726256eb4722f1da2dad5d073d08d\ponder-neoforge-1.0.81+mc1.21.1.jar
[02Oct2026 13:24:45.800] [main/DEBUG] [net.neoforged.fml.loading.moddiscovery.ModFileInfo/LOADING]: Found valid mod file ponder-neoforge-1.0.81+mc1.21.1.jar with {ponder} mods - versions {1.0.81+mc1.21.1}
[02Oct2026 13:24:45.800] [main/DEBUG] [net.neoforged.fml.loading.moddiscovery.ModFile/LOADING]: Loading mod file C:\Users\laure\.gradle\caches\modules-2\files-2.1\net.createmod.ponder\ponder-neoforge\1.0.81+mc1.21.1\33d5fda0be2726256eb4722f1da2dad5d073d08d\ponder-neoforge-1.0.81+mc1.21.1.jar with languages [LanguageSpec[languageName=javafml, acceptedVersions=[0,)]]
[02Oct2026 13:24:45.800] [main/DEBUG] [net.neoforged.fml.loading.moddiscovery.ModFile/LOADING]: Found mixin config MixinConfig[config=ponder.mixins.json, requiredMods=[]]
[02Oct2026 13:24:45.801] [main/DEBUG] [net.neoforged.fml.loading.moddiscovery.ModFile/LOADING]: Found mixin config MixinConfig[config=ponder-common.mixins.json, requiredMods=[]]
[02Oct2026 13:24:45.801] [main/DEBUG] [net.neoforged.fml.loading.moddiscovery.ModFileParser/LOADING]: Considering mod file candidate C:\Users\laure\IdeaProjects\RealnessMC-Content-Pack\build\moddev\artifacts\neoforge-21.1.248.jar
[02Oct2026 13:24:45.801] [main/DEBUG] [net.neoforged.fml.loading.moddiscovery.ModFileInfo/LOADING]: Found valid mod file neoforge-21.1.248.jar with {neoforge} mods - versions {21.1.248}
[02Oct2026 13:24:45.801] [main/DEBUG] [net.neoforged.fml.loading.moddiscovery.ModFile/LOADING]: Loading mod file C:\Users\laure\IdeaProjects\RealnessMC-Content-Pack\build\moddev\artifacts\neoforge-21.1.248.jar with languages [LanguageSpec[languageName=javafml, acceptedVersions=[3,]]]
[02Oct2026 13:24:45.801] [main/DEBUG] [net.neoforged.fml.loading.moddiscovery.ModFile/LOADING]: Found mixin config MixinConfig[config=neoforge.mixins.json, requiredMods=[]]
[02Oct2026 13:24:45.801] [main/DEBUG] [net.neoforged.fml.loading.moddiscovery.ModFile/LOADING]: Loading mod file  with languages []
[02Oct2026 13:24:45.802] [main/DEBUG] [cpw.mods.modlauncher.TransformationServiceDecorator/MODLAUNCHER]: End scan trigger - transformation service fml
[02Oct2026 13:24:45.812] [main/DEBUG] [net.neoforged.fml.util.ServiceLoaderUtil/CORE]: Found 3 implementations of IModLanguageLoader:
[02Oct2026 13:24:45.813] [main/DEBUG] [net.neoforged.fml.util.ServiceLoaderUtil/CORE]: 	net.neoforged.fml.javafmlmod.FMLJavaModLanguageProvider from loader-4.0.43.jar
[02Oct2026 13:24:45.813] [main/DEBUG] [net.neoforged.fml.util.ServiceLoaderUtil/CORE]: 	net.neoforged.fml.lowcodemod.LowCodeModLanguageProvider from loader-4.0.43.jar
[02Oct2026 13:24:45.813] [main/DEBUG] [net.neoforged.fml.util.ServiceLoaderUtil/CORE]: 	net.neoforged.fml.mclanguageprovider.MinecraftModLanguageProvider from loader-4.0.43.jar
[02Oct2026 13:24:45.813] [main/DEBUG] [net.neoforged.fml.loading.LanguageProviderLoader/CORE]: Found language provider javafml, version 4.0.43
[02Oct2026 13:24:45.814] [main/DEBUG] [net.neoforged.fml.loading.LanguageProviderLoader/CORE]: Found language provider lowcodefml, version 4.0.43
[02Oct2026 13:24:45.814] [main/DEBUG] [net.neoforged.fml.loading.LanguageProviderLoader/CORE]: Found language provider minecraft, version 4.0.43
[02Oct2026 13:24:45.816] [main/DEBUG] [net.neoforged.fml.loading.ModSorter/]: Configured system mods: [minecraft, neoforge]
[02Oct2026 13:24:45.816] [main/DEBUG] [net.neoforged.fml.loading.ModSorter/]: Found system mod: minecraft
[02Oct2026 13:24:45.816] [main/DEBUG] [net.neoforged.fml.loading.ModSorter/]: Found system mod: neoforge
[02Oct2026 13:24:45.817] [main/DEBUG] [net.neoforged.fml.loading.ModSorter/LOADING]: Found 16 mod requirements (10 mandatory, 6 optional)
[02Oct2026 13:24:45.818] [main/DEBUG] [net.neoforged.fml.loading.ModSorter/LOADING]: Found 0 mod requirements missing (0 mandatory, 0 optional)
[02Oct2026 13:24:45.899] [main/DEBUG] [mixin/]: Adding mixin platform agents for container net.neoforged.fml.loading.mixin.FMLMixinContainerHandle@2116b68b
[02Oct2026 13:24:45.899] [main/DEBUG] [mixin/]: Instancing new MixinPlatformAgentMinecraftForge for net.neoforged.fml.loading.mixin.FMLMixinContainerHandle@2116b68b
[02Oct2026 13:24:45.900] [main/DEBUG] [mixin/]: MixinPlatformAgentMinecraftForge rejected container net.neoforged.fml.loading.mixin.FMLMixinContainerHandle@2116b68b
[02Oct2026 13:24:45.900] [main/DEBUG] [mixin/]: Instancing new MixinPlatformAgentDefault for net.neoforged.fml.loading.mixin.FMLMixinContainerHandle@2116b68b
[02Oct2026 13:24:45.900] [main/DEBUG] [mixin/]: MixinPlatformAgentDefault accepted container net.neoforged.fml.loading.mixin.FMLMixinContainerHandle@2116b68b
[02Oct2026 13:24:45.900] [main/DEBUG] [mixin/]: Instancing new FMLMixinPlatformAgent for net.neoforged.fml.loading.mixin.FMLMixinContainerHandle@2116b68b
[02Oct2026 13:24:45.900] [main/DEBUG] [mixin/]: FMLMixinPlatformAgent accepted container net.neoforged.fml.loading.mixin.FMLMixinContainerHandle@2116b68b
[02Oct2026 13:24:45.910] [main/DEBUG] [cpw.mods.modlauncher.TransformationServicesHandler/MODLAUNCHER]: Transformation services loading transformers
[02Oct2026 13:24:45.911] [main/DEBUG] [cpw.mods.modlauncher.TransformationServiceDecorator/MODLAUNCHER]: Initializing transformers for transformation service mixin
[02Oct2026 13:24:45.911] [main/DEBUG] [cpw.mods.modlauncher.TransformationServiceDecorator/MODLAUNCHER]: Initialized transformers for transformation service mixin
[02Oct2026 13:24:45.911] [main/DEBUG] [cpw.mods.modlauncher.TransformationServiceDecorator/MODLAUNCHER]: Initializing transformers for transformation service fml
[02Oct2026 13:24:45.911] [main/DEBUG] [net.neoforged.fml.loading.FMLServiceProvider/LOADING]: Loading coremod transformers
[02Oct2026 13:24:45.912] [main/DEBUG] [net.neoforged.fml.loading.FMLServiceProvider/CORE]: Not loading coremod script-engine since no mod requested it
[02Oct2026 13:24:45.913] [main/DEBUG] [net.neoforged.fml.util.ServiceLoaderUtil/CORE]: Found 1 implementations of ICoreMod:
[02Oct2026 13:24:45.914] [main/DEBUG] [net.neoforged.fml.util.ServiceLoaderUtil/CORE]: 	net.neoforged.neoforge.coremods.NeoForgeCoreMod from neoforge-21.1.248.jar > net.neoforged.neoforge-coremods-21.1.248.jar
[02Oct2026 13:24:45.932] [main/DEBUG] [net.neoforged.fml.loading.FMLServiceProvider/CORE]: Adding [Target[className=net.minecraft.world.level.biome.Biome, elementName=, elementDescriptor=, targetType=cpw.mods.modlauncher.api.TargetType@13518f37]] transformer from core-mod net.neoforged.neoforge.coremods.NeoForgeCoreMod@6aef4eb8 in neoforge-21.1.248.jar > net.neoforged.neoforge-coremods-21.1.248.jar
[02Oct2026 13:24:45.932] [main/DEBUG] [net.neoforged.fml.loading.FMLServiceProvider/CORE]: Adding [Target[className=net.minecraft.world.level.levelgen.structure.Structure, elementName=, elementDescriptor=, targetType=cpw.mods.modlauncher.api.TargetType@13518f37]] transformer from core-mod net.neoforged.neoforge.coremods.NeoForgeCoreMod@6aef4eb8 in neoforge-21.1.248.jar > net.neoforged.neoforge-coremods-21.1.248.jar
[02Oct2026 13:24:45.932] [main/DEBUG] [net.neoforged.fml.loading.FMLServiceProvider/CORE]: Adding [Target[className=net.minecraft.world.level.block.FlowerPotBlock, elementName=, elementDescriptor=, targetType=cpw.mods.modlauncher.api.TargetType@13518f37]] transformer from core-mod net.neoforged.neoforge.coremods.NeoForgeCoreMod@6aef4eb8 in neoforge-21.1.248.jar > net.neoforged.neoforge-coremods-21.1.248.jar
[02Oct2026 13:24:45.932] [main/DEBUG] [net.neoforged.fml.loading.FMLServiceProvider/CORE]: Adding [Target[className=net/minecraft/server/commands/RaidCommand, elementName=, elementDescriptor=, targetType=cpw.mods.modlauncher.api.TargetType@13518f37], Target[className=net/minecraft/world/entity/monster/ZombieVillager, elementName=, elementDescriptor=, targetType=cpw.mods.modlauncher.api.TargetType@13518f37], Target[className=net/minecraft/world/level/levelgen/PatrolSpawner, elementName=, elementDescriptor=, targetType=cpw.mods.modlauncher.api.TargetType@13518f37], Target[className=net/minecraft/world/entity/monster/Evoker$EvokerSummonSpellGoal, elementName=, elementDescriptor=, targetType=cpw.mods.modlauncher.api.TargetType@13518f37], Target[className=net/minecraft/world/level/levelgen/structure/structures/OceanMonumentPieces$OceanMonumentPiece, elementName=, elementDescriptor=, targetType=cpw.mods.modlauncher.api.TargetType@13518f37], Target[className=net/minecraft/world/entity/animal/horse/SkeletonTrapGoal, elementName=, elementDescriptor=, targetType=cpw.mods.modlauncher.api.TargetType@13518f37], Target[className=net/minecraft/world/entity/monster/Spider, elementName=, elementDescriptor=, targetType=cpw.mods.modlauncher.api.TargetType@13518f37], Target[className=net/minecraft/world/entity/monster/Zombie, elementName=, elementDescriptor=, targetType=cpw.mods.modlauncher.api.TargetType@13518f37], Target[className=net/minecraft/world/entity/raid/Raid, elementName=, elementDescriptor=, targetType=cpw.mods.modlauncher.api.TargetType@13518f37], Target[className=net/minecraft/world/level/NaturalSpawner, elementName=, elementDescriptor=, targetType=cpw.mods.modlauncher.api.TargetType@13518f37], Target[className=net/minecraft/world/entity/npc/CatSpawner, elementName=, elementDescriptor=, targetType=cpw.mods.modlauncher.api.TargetType@13518f37], Target[className=net/minecraft/server/commands/SummonCommand, elementName=, elementDescriptor=, targetType=cpw.mods.modlauncher.api.TargetType@13518f37], Target[className=net/minecraft/world/level/levelgen/PhantomSpawner, elementName=, elementDescriptor=, targetType=cpw.mods.modlauncher.api.TargetType@13518f37], Target[className=net/minecraft/world/level/levelgen/structure/structures/WoodlandMansionPieces$WoodlandMansionPiece, elementName=, elementDescriptor=, targetType=cpw.mods.modlauncher.api.TargetType@13518f37], Target[className=net/minecraft/world/entity/EntityType, elementName=, elementDescriptor=, targetType=cpw.mods.modlauncher.api.TargetType@13518f37], Target[className=net/minecraft/world/entity/monster/Strider, elementName=, elementDescriptor=, targetType=cpw.mods.modlauncher.api.TargetType@13518f37], Target[className=net/minecraft/world/entity/ai/village/VillageSiege, elementName=, elementDescriptor=, targetType=cpw.mods.modlauncher.api.TargetType@13518f37], Target[className=net/minecraft/world/entity/animal/frog/Tadpole, elementName=, elementDescriptor=, targetType=cpw.mods.modlauncher.api.TargetType@13518f37], Target[className=net/minecraft/world/level/levelgen/structure/templatesystem/StructureTemplate, elementName=, elementDescriptor=, targetType=cpw.mods.modlauncher.api.TargetType@13518f37], Target[className=net/minecraft/world/entity/npc/Villager, elementName=, elementDescriptor=, targetType=cpw.mods.modlauncher.api.TargetType@13518f37], Target[className=net/minecraft/world/level/levelgen/structure/structures/OceanRuinPieces$OceanRuinPiece, elementName=, elementDescriptor=, targetType=cpw.mods.modlauncher.api.TargetType@13518f37], Target[className=net/minecraft/world/level/levelgen/structure/structures/SwampHutPiece, elementName=, elementDescriptor=, targetType=cpw.mods.modlauncher.api.TargetType@13518f37]] transformer from core-mod net.neoforged.neoforge.coremods.NeoForgeCoreMod@6aef4eb8 in neoforge-21.1.248.jar > net.neoforged.neoforge-coremods-21.1.248.jar
[02Oct2026 13:24:45.940] [main/DEBUG] [cpw.mods.modlauncher.TransformStore/MODLAUNCHER]: Adding transformer net.neoforged.neoforge.coremods.ReplaceFieldWithGetterAccess@5109e8cf to Target : cpw.mods.modlauncher.api.TargetType@13518f37 {Lnet/minecraft/world/level/biome/Biome;} {} {V}
[02Oct2026 13:24:45.943] [main/DEBUG] [cpw.mods.modlauncher.TransformStore/MODLAUNCHER]: Adding transformer net.neoforged.neoforge.coremods.ReplaceFieldWithGetterAccess@6c65860d to Target : cpw.mods.modlauncher.api.TargetType@13518f37 {Lnet/minecraft/world/level/levelgen/structure/Structure;} {} {V}
[02Oct2026 13:24:45.943] [main/DEBUG] [cpw.mods.modlauncher.TransformStore/MODLAUNCHER]: Adding transformer net.neoforged.neoforge.coremods.ReplaceFieldWithGetterAccess@2d000e80 to Target : cpw.mods.modlauncher.api.TargetType@13518f37 {Lnet/minecraft/world/level/block/FlowerPotBlock;} {} {V}
[02Oct2026 13:24:45.943] [main/DEBUG] [cpw.mods.modlauncher.TransformStore/MODLAUNCHER]: Adding transformer net.neoforged.neoforge.coremods.MethodRedirector@7cf283e1 to Target : cpw.mods.modlauncher.api.TargetType@13518f37 {Lnet/minecraft/server/commands/RaidCommand;} {} {V}
[02Oct2026 13:24:45.943] [main/DEBUG] [cpw.mods.modlauncher.TransformStore/MODLAUNCHER]: Adding transformer net.neoforged.neoforge.coremods.MethodRedirector@7cf283e1 to Target : cpw.mods.modlauncher.api.TargetType@13518f37 {Lnet/minecraft/world/entity/monster/ZombieVillager;} {} {V}
[02Oct2026 13:24:45.943] [main/DEBUG] [cpw.mods.modlauncher.TransformStore/MODLAUNCHER]: Adding transformer net.neoforged.neoforge.coremods.MethodRedirector@7cf283e1 to Target : cpw.mods.modlauncher.api.TargetType@13518f37 {Lnet/minecraft/world/level/levelgen/PatrolSpawner;} {} {V}
[02Oct2026 13:24:45.943] [main/DEBUG] [cpw.mods.modlauncher.TransformStore/MODLAUNCHER]: Adding transformer net.neoforged.neoforge.coremods.MethodRedirector@7cf283e1 to Target : cpw.mods.modlauncher.api.TargetType@13518f37 {Lnet/minecraft/world/entity/monster/Evoker$EvokerSummonSpellGoal;} {} {V}
[02Oct2026 13:24:45.943] [main/DEBUG] [cpw.mods.modlauncher.TransformStore/MODLAUNCHER]: Adding transformer net.neoforged.neoforge.coremods.MethodRedirector@7cf283e1 to Target : cpw.mods.modlauncher.api.TargetType@13518f37 {Lnet/minecraft/world/level/levelgen/structure/structures/OceanMonumentPieces$OceanMonumentPiece;} {} {V}
[02Oct2026 13:24:45.944] [main/DEBUG] [cpw.mods.modlauncher.TransformStore/MODLAUNCHER]: Adding transformer net.neoforged.neoforge.coremods.MethodRedirector@7cf283e1 to Target : cpw.mods.modlauncher.api.TargetType@13518f37 {Lnet/minecraft/world/entity/animal/horse/SkeletonTrapGoal;} {} {V}
[02Oct2026 13:24:45.944] [main/DEBUG] [cpw.mods.modlauncher.TransformStore/MODLAUNCHER]: Adding transformer net.neoforged.neoforge.coremods.MethodRedirector@7cf283e1 to Target : cpw.mods.modlauncher.api.TargetType@13518f37 {Lnet/minecraft/world/entity/monster/Spider;} {} {V}
[02Oct2026 13:24:45.944] [main/DEBUG] [cpw.mods.modlauncher.TransformStore/MODLAUNCHER]: Adding transformer net.neoforged.neoforge.coremods.MethodRedirector@7cf283e1 to Target : cpw.mods.modlauncher.api.TargetType@13518f37 {Lnet/minecraft/world/entity/monster/Zombie;} {} {V}
[02Oct2026 13:24:45.944] [main/DEBUG] [cpw.mods.modlauncher.TransformStore/MODLAUNCHER]: Adding transformer net.neoforged.neoforge.coremods.MethodRedirector@7cf283e1 to Target : cpw.mods.modlauncher.api.TargetType@13518f37 {Lnet/minecraft/world/entity/raid/Raid;} {} {V}
[02Oct2026 13:24:45.944] [main/DEBUG] [cpw.mods.modlauncher.TransformStore/MODLAUNCHER]: Adding transformer net.neoforged.neoforge.coremods.MethodRedirector@7cf283e1 to Target : cpw.mods.modlauncher.api.TargetType@13518f37 {Lnet/minecraft/world/level/NaturalSpawner;} {} {V}
[02Oct2026 13:24:45.944] [main/DEBUG] [cpw.mods.modlauncher.TransformStore/MODLAUNCHER]: Adding transformer net.neoforged.neoforge.coremods.MethodRedirector@7cf283e1 to Target : cpw.mods.modlauncher.api.TargetType@13518f37 {Lnet/minecraft/world/entity/npc/CatSpawner;} {} {V}
[02Oct2026 13:24:45.944] [main/DEBUG] [cpw.mods.modlauncher.TransformStore/MODLAUNCHER]: Adding transformer net.neoforged.neoforge.coremods.MethodRedirector@7cf283e1 to Target : cpw.mods.modlauncher.api.TargetType@13518f37 {Lnet/minecraft/server/commands/SummonCommand;} {} {V}
[02Oct2026 13:24:45.944] [main/DEBUG] [cpw.mods.modlauncher.TransformStore/MODLAUNCHER]: Adding transformer net.neoforged.neoforge.coremods.MethodRedirector@7cf283e1 to Target : cpw.mods.modlauncher.api.TargetType@13518f37 {Lnet/minecraft/world/level/levelgen/PhantomSpawner;} {} {V}
[02Oct2026 13:24:45.944] [main/DEBUG] [cpw.mods.modlauncher.TransformStore/MODLAUNCHER]: Adding transformer net.neoforged.neoforge.coremods.MethodRedirector@7cf283e1 to Target : cpw.mods.modlauncher.api.TargetType@13518f37 {Lnet/minecraft/world/level/levelgen/structure/structures/WoodlandMansionPieces$WoodlandMansionPiece;} {} {V}
[02Oct2026 13:24:45.944] [main/DEBUG] [cpw.mods.modlauncher.TransformStore/MODLAUNCHER]: Adding transformer net.neoforged.neoforge.coremods.MethodRedirector@7cf283e1 to Target : cpw.mods.modlauncher.api.TargetType@13518f37 {Lnet/minecraft/world/entity/EntityType;} {} {V}
[02Oct2026 13:24:45.944] [main/DEBUG] [cpw.mods.modlauncher.TransformStore/MODLAUNCHER]: Adding transformer net.neoforged.neoforge.coremods.MethodRedirector@7cf283e1 to Target : cpw.mods.modlauncher.api.TargetType@13518f37 {Lnet/minecraft/world/entity/monster/Strider;} {} {V}
[02Oct2026 13:24:45.944] [main/DEBUG] [cpw.mods.modlauncher.TransformStore/MODLAUNCHER]: Adding transformer net.neoforged.neoforge.coremods.MethodRedirector@7cf283e1 to Target : cpw.mods.modlauncher.api.TargetType@13518f37 {Lnet/minecraft/world/entity/ai/village/VillageSiege;} {} {V}
[02Oct2026 13:24:45.944] [main/DEBUG] [cpw.mods.modlauncher.TransformStore/MODLAUNCHER]: Adding transformer net.neoforged.neoforge.coremods.MethodRedirector@7cf283e1 to Target : cpw.mods.modlauncher.api.TargetType@13518f37 {Lnet/minecraft/world/entity/animal/frog/Tadpole;} {} {V}
[02Oct2026 13:24:45.944] [main/DEBUG] [cpw.mods.modlauncher.TransformStore/MODLAUNCHER]: Adding transformer net.neoforged.neoforge.coremods.MethodRedirector@7cf283e1 to Target : cpw.mods.modlauncher.api.TargetType@13518f37 {Lnet/minecraft/world/level/levelgen/structure/templatesystem/StructureTemplate;} {} {V}
[02Oct2026 13:24:45.944] [main/DEBUG] [cpw.mods.modlauncher.TransformStore/MODLAUNCHER]: Adding transformer net.neoforged.neoforge.coremods.MethodRedirector@7cf283e1 to Target : cpw.mods.modlauncher.api.TargetType@13518f37 {Lnet/minecraft/world/entity/npc/Villager;} {} {V}
[02Oct2026 13:24:45.944] [main/DEBUG] [cpw.mods.modlauncher.TransformStore/MODLAUNCHER]: Adding transformer net.neoforged.neoforge.coremods.MethodRedirector@7cf283e1 to Target : cpw.mods.modlauncher.api.TargetType@13518f37 {Lnet/minecraft/world/level/levelgen/structure/structures/OceanRuinPieces$OceanRuinPiece;} {} {V}
[02Oct2026 13:24:45.944] [main/DEBUG] [cpw.mods.modlauncher.TransformStore/MODLAUNCHER]: Adding transformer net.neoforged.neoforge.coremods.MethodRedirector@7cf283e1 to Target : cpw.mods.modlauncher.api.TargetType@13518f37 {Lnet/minecraft/world/level/levelgen/structure/structures/SwampHutPiece;} {} {V}
[02Oct2026 13:24:45.944] [main/DEBUG] [cpw.mods.modlauncher.TransformationServiceDecorator/MODLAUNCHER]: Initialized transformers for transformation service fml
[02Oct2026 13:24:46.444] [main/DEBUG] [mixin/]: Processing prepare() for PlatformAgent[MixinPlatformAgentDefault:ModLauncher Root Container(ModLauncher:4f56a0a2)]
[02Oct2026 13:24:46.444] [main/DEBUG] [mixin/]: Processing prepare() for PlatformAgent[MixinPlatformAgentDefault:net.neoforged.fml.loading.mixin.FMLMixinContainerHandle@2116b68b]
[02Oct2026 13:24:46.444] [main/DEBUG] [mixin/]: Processing prepare() for PlatformAgent[FMLMixinPlatformAgent:null]
[02Oct2026 13:24:46.502] [main/DEBUG] [mixin/]: Compatibility level JAVA_21 specified by flywheel.backend.mixins.json is higher than the maximum level supported by this version of mixin (JAVA_13).
[02Oct2026 13:24:46.507] [main/INFO] [mixin/]: Compatibility level set to JAVA_21
[02Oct2026 13:24:46.508] [main/DEBUG] [mixin/]: Compatibility level JAVA_17 specified by ponder.mixins.json is higher than the maximum level supported by this version of mixin (JAVA_13).
[02Oct2026 13:24:46.510] [main/DEBUG] [mixin/]: Compatibility level JAVA_17 specified by ponder-common.mixins.json is higher than the maximum level supported by this version of mixin (JAVA_13).
[02Oct2026 13:24:46.512] [main/DEBUG] [mixin/]: Processing launch tasks for PlatformAgent[MixinPlatformAgentDefault:ModLauncher Root Container(ModLauncher:4f56a0a2)]
[02Oct2026 13:24:46.512] [main/DEBUG] [mixin/]: Adding mixin platform agents for container SecureJarResource(mixin_synthetic)
[02Oct2026 13:24:46.513] [main/DEBUG] [mixin/]: Instancing new MixinPlatformAgentMinecraftForge for SecureJarResource(mixin_synthetic)
[02Oct2026 13:24:46.513] [main/DEBUG] [mixin/]: MixinPlatformAgentMinecraftForge rejected container SecureJarResource(mixin_synthetic)
[02Oct2026 13:24:46.513] [main/DEBUG] [mixin/]: Instancing new MixinPlatformAgentDefault for SecureJarResource(mixin_synthetic)
[02Oct2026 13:24:46.513] [main/DEBUG] [mixin/]: MixinPlatformAgentDefault accepted container SecureJarResource(mixin_synthetic)
[02Oct2026 13:24:46.513] [main/DEBUG] [mixin/]: Instancing new FMLMixinPlatformAgent for SecureJarResource(mixin_synthetic)
[02Oct2026 13:24:46.513] [main/DEBUG] [mixin/]: FMLMixinPlatformAgent rejected container SecureJarResource(mixin_synthetic)
[02Oct2026 13:24:46.513] [main/DEBUG] [mixin/]: Processing prepare() for PlatformAgent[MixinPlatformAgentDefault:SecureJarResource(mixin_synthetic)]
[02Oct2026 13:24:46.513] [main/DEBUG] [mixin/]: Adding mixin platform agents for container SecureJarResource(minecraft)
[02Oct2026 13:24:46.513] [main/DEBUG] [mixin/]: Instancing new MixinPlatformAgentMinecraftForge for SecureJarResource(minecraft)
[02Oct2026 13:24:46.513] [main/DEBUG] [mixin/]: MixinPlatformAgentMinecraftForge rejected container SecureJarResource(minecraft)
[02Oct2026 13:24:46.513] [main/DEBUG] [mixin/]: Instancing new MixinPlatformAgentDefault for SecureJarResource(minecraft)
[02Oct2026 13:24:46.513] [main/DEBUG] [mixin/]: MixinPlatformAgentDefault accepted container SecureJarResource(minecraft)
[02Oct2026 13:24:46.513] [main/DEBUG] [mixin/]: Instancing new FMLMixinPlatformAgent for SecureJarResource(minecraft)
[02Oct2026 13:24:46.513] [main/DEBUG] [mixin/]: FMLMixinPlatformAgent rejected container SecureJarResource(minecraft)
[02Oct2026 13:24:46.513] [main/DEBUG] [mixin/]: Processing prepare() for PlatformAgent[MixinPlatformAgentDefault:SecureJarResource(minecraft)]
[02Oct2026 13:24:46.513] [main/DEBUG] [mixin/]: Adding mixin platform agents for container SecureJarResource(realnessmc_content_pack)
[02Oct2026 13:24:46.513] [main/DEBUG] [mixin/]: Instancing new MixinPlatformAgentMinecraftForge for SecureJarResource(realnessmc_content_pack)
[02Oct2026 13:24:46.513] [main/DEBUG] [mixin/]: MixinPlatformAgentMinecraftForge rejected container SecureJarResource(realnessmc_content_pack)
[02Oct2026 13:24:46.513] [main/DEBUG] [mixin/]: Instancing new MixinPlatformAgentDefault for SecureJarResource(realnessmc_content_pack)
[02Oct2026 13:24:46.513] [main/DEBUG] [mixin/]: MixinPlatformAgentDefault accepted container SecureJarResource(realnessmc_content_pack)
[02Oct2026 13:24:46.513] [main/DEBUG] [mixin/]: Instancing new FMLMixinPlatformAgent for SecureJarResource(realnessmc_content_pack)
[02Oct2026 13:24:46.513] [main/DEBUG] [mixin/]: FMLMixinPlatformAgent rejected container SecureJarResource(realnessmc_content_pack)
[02Oct2026 13:24:46.513] [main/DEBUG] [mixin/]: Processing prepare() for PlatformAgent[MixinPlatformAgentDefault:SecureJarResource(realnessmc_content_pack)]
[02Oct2026 13:24:46.513] [main/DEBUG] [mixin/]: Adding mixin platform agents for container SecureJarResource(flywheel)
[02Oct2026 13:24:46.513] [main/DEBUG] [mixin/]: Instancing new MixinPlatformAgentMinecraftForge for SecureJarResource(flywheel)
[02Oct2026 13:24:46.513] [main/DEBUG] [mixin/]: MixinPlatformAgentMinecraftForge rejected container SecureJarResource(flywheel)
[02Oct2026 13:24:46.513] [main/DEBUG] [mixin/]: Instancing new MixinPlatformAgentDefault for SecureJarResource(flywheel)
[02Oct2026 13:24:46.513] [main/DEBUG] [mixin/]: MixinPlatformAgentDefault accepted container SecureJarResource(flywheel)
[02Oct2026 13:24:46.513] [main/DEBUG] [mixin/]: Instancing new FMLMixinPlatformAgent for SecureJarResource(flywheel)
[02Oct2026 13:24:46.513] [main/DEBUG] [mixin/]: FMLMixinPlatformAgent rejected container SecureJarResource(flywheel)
[02Oct2026 13:24:46.513] [main/DEBUG] [mixin/]: Processing prepare() for PlatformAgent[MixinPlatformAgentDefault:SecureJarResource(flywheel)]
[02Oct2026 13:24:46.513] [main/DEBUG] [mixin/]: Adding mixin platform agents for container SecureJarResource(ponder)
[02Oct2026 13:24:46.513] [main/DEBUG] [mixin/]: Instancing new MixinPlatformAgentMinecraftForge for SecureJarResource(ponder)
[02Oct2026 13:24:46.514] [main/DEBUG] [mixin/]: MixinPlatformAgentMinecraftForge rejected container SecureJarResource(ponder)
[02Oct2026 13:24:46.514] [main/DEBUG] [mixin/]: Instancing new MixinPlatformAgentDefault for SecureJarResource(ponder)
[02Oct2026 13:24:46.514] [main/DEBUG] [mixin/]: MixinPlatformAgentDefault accepted container SecureJarResource(ponder)
[02Oct2026 13:24:46.514] [main/DEBUG] [mixin/]: Instancing new FMLMixinPlatformAgent for SecureJarResource(ponder)
[02Oct2026 13:24:46.514] [main/DEBUG] [mixin/]: FMLMixinPlatformAgent rejected container SecureJarResource(ponder)
[02Oct2026 13:24:46.514] [main/DEBUG] [mixin/]: Processing prepare() for PlatformAgent[MixinPlatformAgentDefault:SecureJarResource(ponder)]
[02Oct2026 13:24:46.514] [main/DEBUG] [mixin/]: Adding mixin platform agents for container SecureJarResource(ponderer)
[02Oct2026 13:24:46.514] [main/DEBUG] [mixin/]: Instancing new MixinPlatformAgentMinecraftForge for SecureJarResource(ponderer)
[02Oct2026 13:24:46.514] [main/DEBUG] [mixin/]: MixinPlatformAgentMinecraftForge rejected container SecureJarResource(ponderer)
[02Oct2026 13:24:46.514] [main/DEBUG] [mixin/]: Instancing new MixinPlatformAgentDefault for SecureJarResource(ponderer)
[02Oct2026 13:24:46.514] [main/DEBUG] [mixin/]: MixinPlatformAgentDefault accepted container SecureJarResource(ponderer)
[02Oct2026 13:24:46.514] [main/DEBUG] [mixin/]: Instancing new FMLMixinPlatformAgent for SecureJarResource(ponderer)
[02Oct2026 13:24:46.514] [main/DEBUG] [mixin/]: FMLMixinPlatformAgent rejected container SecureJarResource(ponderer)
[02Oct2026 13:24:46.514] [main/DEBUG] [mixin/]: Processing prepare() for PlatformAgent[MixinPlatformAgentDefault:SecureJarResource(ponderer)]
[02Oct2026 13:24:46.514] [main/DEBUG] [mixin/]: Adding mixin platform agents for container SecureJarResource(mixinextras.neoforge)
[02Oct2026 13:24:46.514] [main/DEBUG] [mixin/]: Instancing new MixinPlatformAgentMinecraftForge for SecureJarResource(mixinextras.neoforge)
[02Oct2026 13:24:46.514] [main/DEBUG] [mixin/]: MixinPlatformAgentMinecraftForge rejected container SecureJarResource(mixinextras.neoforge)
[02Oct2026 13:24:46.514] [main/DEBUG] [mixin/]: Instancing new MixinPlatformAgentDefault for SecureJarResource(mixinextras.neoforge)
[02Oct2026 13:24:46.514] [main/DEBUG] [mixin/]: MixinPlatformAgentDefault accepted container SecureJarResource(mixinextras.neoforge)
[02Oct2026 13:24:46.514] [main/DEBUG] [mixin/]: Instancing new FMLMixinPlatformAgent for SecureJarResource(mixinextras.neoforge)
[02Oct2026 13:24:46.514] [main/DEBUG] [mixin/]: FMLMixinPlatformAgent rejected container SecureJarResource(mixinextras.neoforge)
[02Oct2026 13:24:46.514] [main/DEBUG] [mixin/]: Processing prepare() for PlatformAgent[MixinPlatformAgentDefault:SecureJarResource(mixinextras.neoforge)]
[02Oct2026 13:24:46.514] [main/DEBUG] [mixin/]: Registering mixin config: mixinextras.init.mixins.json source=SecureJarResource(mixinextras.neoforge)
[02Oct2026 13:24:46.515] [main/DEBUG] [mixin/]: inject() running with 9 agents
[02Oct2026 13:24:46.515] [main/DEBUG] [mixin/]: Processing inject() for PlatformAgent[MixinPlatformAgentDefault:ModLauncher Root Container(ModLauncher:4f56a0a2)]
[02Oct2026 13:24:46.515] [main/DEBUG] [mixin/]: Processing inject() for PlatformAgent[MixinPlatformAgentDefault:net.neoforged.fml.loading.mixin.FMLMixinContainerHandle@2116b68b]
[02Oct2026 13:24:46.515] [main/DEBUG] [mixin/]: Processing inject() for PlatformAgent[FMLMixinPlatformAgent:null]
[02Oct2026 13:24:46.515] [main/DEBUG] [mixin/]: Processing inject() for PlatformAgent[MixinPlatformAgentDefault:SecureJarResource(mixin_synthetic)]
[02Oct2026 13:24:46.515] [main/DEBUG] [mixin/]: Processing inject() for PlatformAgent[MixinPlatformAgentDefault:SecureJarResource(minecraft)]
[02Oct2026 13:24:46.515] [main/DEBUG] [mixin/]: Processing inject() for PlatformAgent[MixinPlatformAgentDefault:SecureJarResource(realnessmc_content_pack)]
[02Oct2026 13:24:46.516] [main/DEBUG] [mixin/]: Processing inject() for PlatformAgent[MixinPlatformAgentDefault:SecureJarResource(flywheel)]
[02Oct2026 13:24:46.516] [main/DEBUG] [mixin/]: Processing inject() for PlatformAgent[MixinPlatformAgentDefault:SecureJarResource(ponder)]
[02Oct2026 13:24:46.516] [main/DEBUG] [mixin/]: Processing inject() for PlatformAgent[MixinPlatformAgentDefault:SecureJarResource(ponderer)]
[02Oct2026 13:24:46.516] [main/DEBUG] [mixin/]: Processing inject() for PlatformAgent[MixinPlatformAgentDefault:SecureJarResource(mixinextras.neoforge)]
[02Oct2026 13:24:46.516] [main/INFO] [cpw.mods.modlauncher.LaunchServiceHandler/MODLAUNCHER]: Launching target 'forgeclientdev' with arguments [--version, 21.1.248, --gameDir, ., --assetsDir, C:\Users\laure\.gradle\caches\neoformruntime\assets, --assetIndex, 17]
[02Oct2026 13:24:46.581] [main/DEBUG] [mixin/]: Preparing mixins for MixinEnvironment[DEFAULT]
[02Oct2026 13:24:46.582] [main/DEBUG] [mixin/]: Selecting config flywheel.backend.mixins.json
[02Oct2026 13:24:46.598] [main/DEBUG] [mixin/]: Selecting config flywheel.impl.mixins.json
[02Oct2026 13:24:46.599] [main/DEBUG] [mixin/]: Selecting config ponder.mixins.json
[02Oct2026 13:24:46.599] [main/DEBUG] [mixin/]: Selecting config ponder-common.mixins.json
[02Oct2026 13:24:46.599] [main/WARN] [mixin/]: Reference map 'ponder.refmap.json' for ponder-common.mixins.json could not be read. If this is a development environment you can ignore this message
[02Oct2026 13:24:46.599] [main/DEBUG] [mixin/]: Selecting config ponderer.mixins.json
[02Oct2026 13:24:46.599] [main/DEBUG] [mixin/]: Selecting config neoforge.mixins.json
[02Oct2026 13:24:46.600] [main/DEBUG] [mixin/]: Selecting config mixinextras.init.mixins.json
[02Oct2026 13:24:46.670] [main/DEBUG] [MixinExtras|Service/]: com.llamalad7.mixinextras.service.MixinExtrasServiceImpl(version=0.5.3) is taking over from null
[02Oct2026 13:24:46.741] [main/DEBUG] [mixin/]: Registering new injector for @Inject with org.spongepowered.asm.mixin.injection.struct.CallbackInjectionInfo
[02Oct2026 13:24:46.742] [main/DEBUG] [mixin/]: Registering new injector for @ModifyArg with org.spongepowered.asm.mixin.injection.struct.ModifyArgInjectionInfo
[02Oct2026 13:24:46.743] [main/DEBUG] [mixin/]: Registering new injector for @ModifyArgs with org.spongepowered.asm.mixin.injection.struct.ModifyArgsInjectionInfo
[02Oct2026 13:24:46.745] [main/DEBUG] [mixin/]: Registering new injector for @Redirect with org.spongepowered.asm.mixin.injection.struct.RedirectInjectionInfo
[02Oct2026 13:24:46.746] [main/DEBUG] [mixin/]: Registering new injector for @ModifyVariable with org.spongepowered.asm.mixin.injection.struct.ModifyVariableInjectionInfo
[02Oct2026 13:24:46.747] [main/DEBUG] [mixin/]: Registering new injector for @ModifyConstant with org.spongepowered.asm.mixin.injection.struct.ModifyConstantInjectionInfo
[02Oct2026 13:24:46.758] [main/DEBUG] [mixin/]: Preparing flywheel.backend.mixins.json (8)
[02Oct2026 13:24:46.850] [main/DEBUG] [mixin/]: Preparing flywheel.impl.mixins.json (14)
[02Oct2026 13:24:46.883] [main/DEBUG] [mixin/]: Preparing ponder.mixins.json (1)
[02Oct2026 13:24:46.886] [main/DEBUG] [mixin/]: Preparing ponder-common.mixins.json (12)
[02Oct2026 13:24:46.920] [main/DEBUG] [mixin/]: Preparing ponderer.mixins.json (28)
[02Oct2026 13:24:46.935] [main/WARN] [mixin/]: Error loading class: mezz/jei/gui/events/GuiEventHandler (java.lang.ClassNotFoundException: mezz.jei.gui.events.GuiEventHandler)
[02Oct2026 13:24:46.937] [main/DEBUG] [mixin/]: Skipping virtual target mezz.jei.gui.events.GuiEventHandler for ponderer.mixins.json:JeiGuiEventHandlerMixin from mod ponderer
[02Oct2026 13:24:46.937] [main/DEBUG] [mixin/]: Preparing neoforge.mixins.json (2)
[02Oct2026 13:24:46.938] [main/DEBUG] [mixin/]: Preparing mixinextras.init.mixins.json (0)
[02Oct2026 13:24:46.962] [main/DEBUG] [mixin/]: Prepared 64 mixins in 0.377 sec (5.9ms avg) (0ms load, 0ms transform, 0ms plugin)
[02Oct2026 13:24:46.983] [main/INFO] [MixinExtras|Service/]: Initializing MixinExtras via com.llamalad7.mixinextras.service.MixinExtrasServiceImpl(version=0.5.3).
[02Oct2026 13:24:46.985] [main/DEBUG] [mixin/]: Registering new injector for @SugarWrapper with com.llamalad7.mixinextras.sugar.impl.SugarWrapperInjectionInfo
[02Oct2026 13:24:46.986] [main/DEBUG] [mixin/]: Registering new injector for @FactoryRedirectWrapper with com.llamalad7.mixinextras.wrapper.factory.FactoryRedirectWrapperInjectionInfo
[02Oct2026 13:24:46.987] [main/DEBUG] [mixin/]: Registering new injector for @ExpressionInjectorWrapper with com.llamalad7.mixinextras.expression.impl.wrapper.ExpressionInjectorWrapperInjectionInfo
[02Oct2026 13:24:47.016] [main/DEBUG] [mixin/]: Mixing MinecraftMixin from flywheel.impl.mixins.json into net.minecraft.client.Minecraft
[02Oct2026 13:24:47.046] [main/DEBUG] [mixin/]: Mixing client.WindowResizeMixin from ponder-common.mixins.json into net.minecraft.client.Minecraft
[02Oct2026 13:24:47.046] [main/DEBUG] [mixin/]: ponder-common.mixins.json:client.WindowResizeMixin from mod ponder: Class version 65 required is higher than the class version supported by the current version of Mixin (JAVA_17 supports class version 61)
[02Oct2026 13:24:47.047] [main/DEBUG] [mixin/]: Mixing MinecraftNbtPickMixin from ponderer.mixins.json into net.minecraft.client.Minecraft
[02Oct2026 13:24:47.059] [main/DEBUG] [mixin/]: Mixing MinecraftSetScreenCaptureMixin from ponderer.mixins.json into net.minecraft.client.Minecraft
[02Oct2026 13:24:47.134] [main/DEBUG] [mixin/]: flywheel.impl.mixins.json:MinecraftMixin from mod flywheel->@Inject::flywheel$onBeginInitialResourceReload(Lorg/spongepowered/asm/mixin/injection/callback/CallbackInfo;)V doesn't use it's CallbackInfo
[02Oct2026 13:24:47.135] [main/DEBUG] [mixin/]: flywheel.impl.mixins.json:MinecraftMixin from mod flywheel->@Inject::flywheel$onBeginInitialResourceReload(Lorg/spongepowered/asm/mixin/injection/callback/CallbackInfo;)V has 0 override(s) in child classes
[02Oct2026 13:24:47.135] [main/DEBUG] [mixin/]: flywheel.impl.mixins.json:MinecraftMixin from mod flywheel->@Inject::flywheel$onBeginInitialResourceReload(Lorg/spongepowered/asm/mixin/injection/callback/CallbackInfo;)V won't be passed a CallbackInfo as a result
[02Oct2026 13:24:47.135] [main/DEBUG] [mixin/]: flywheel.impl.mixins.json:MinecraftMixin from mod flywheel->@Inject::flywheel$onEndInitialResourceReload(Ljava/lang/Object;Ljava/util/Optional;Lorg/spongepowered/asm/mixin/injection/callback/CallbackInfo;)V doesn't use it's CallbackInfo
[02Oct2026 13:24:47.135] [main/DEBUG] [mixin/]: flywheel.impl.mixins.json:MinecraftMixin from mod flywheel->@Inject::flywheel$onEndInitialResourceReload(Ljava/lang/Object;Ljava/util/Optional;Lorg/spongepowered/asm/mixin/injection/callback/CallbackInfo;)V has 0 override(s) in child classes
[02Oct2026 13:24:47.135] [main/DEBUG] [mixin/]: flywheel.impl.mixins.json:MinecraftMixin from mod flywheel->@Inject::flywheel$onEndInitialResourceReload(Ljava/lang/Object;Ljava/util/Optional;Lorg/spongepowered/asm/mixin/injection/callback/CallbackInfo;)V won't be passed a CallbackInfo as a result
[02Oct2026 13:24:47.136] [main/DEBUG] [mixin/]: flywheel.impl.mixins.json:MinecraftMixin from mod flywheel->@Inject::flywheel$onEndManualResourceReload(ZLjava/lang/Object;Ljava/util/concurrent/CompletableFuture;Ljava/util/Optional;Lorg/spongepowered/asm/mixin/injection/callback/CallbackInfo;)V doesn't use it's CallbackInfo
[02Oct2026 13:24:47.136] [main/DEBUG] [mixin/]: flywheel.impl.mixins.json:MinecraftMixin from mod flywheel->@Inject::flywheel$onEndManualResourceReload(ZLjava/lang/Object;Ljava/util/concurrent/CompletableFuture;Ljava/util/Optional;Lorg/spongepowered/asm/mixin/injection/callback/CallbackInfo;)V has 0 override(s) in child classes
[02Oct2026 13:24:47.136] [main/DEBUG] [mixin/]: flywheel.impl.mixins.json:MinecraftMixin from mod flywheel->@Inject::flywheel$onEndManualResourceReload(ZLjava/lang/Object;Ljava/util/concurrent/CompletableFuture;Ljava/util/Optional;Lorg/spongepowered/asm/mixin/injection/callback/CallbackInfo;)V won't be passed a CallbackInfo as a result
[02Oct2026 13:24:47.137] [main/DEBUG] [mixin/]: ponder-common.mixins.json:client.WindowResizeMixin from mod ponder->@Inject::catnip$updateWindowSize(Lorg/spongepowered/asm/mixin/injection/callback/CallbackInfo;)V doesn't use it's CallbackInfo
[02Oct2026 13:24:47.137] [main/DEBUG] [mixin/]: ponder-common.mixins.json:client.WindowResizeMixin from mod ponder->@Inject::catnip$updateWindowSize(Lorg/spongepowered/asm/mixin/injection/callback/CallbackInfo;)V has 0 override(s) in child classes
[02Oct2026 13:24:47.137] [main/DEBUG] [mixin/]: ponder-common.mixins.json:client.WindowResizeMixin from mod ponder->@Inject::catnip$updateWindowSize(Lorg/spongepowered/asm/mixin/injection/callback/CallbackInfo;)V won't be passed a CallbackInfo as a result
[02Oct2026 13:24:47.137] [main/DEBUG] [mixin/]: ponderer.mixins.json:MinecraftNbtPickMixin from mod ponderer->@Inject::ponderer$interceptMiddlePickForNbtCapture(Lorg/spongepowered/asm/mixin/injection/callback/CallbackInfo;)V doesn't use it's CallbackInfo
[02Oct2026 13:24:47.137] [main/DEBUG] [mixin/]: ponderer.mixins.json:MinecraftNbtPickMixin from mod ponderer->@Inject::ponderer$interceptMiddlePickForNbtCapture(Lorg/spongepowered/asm/mixin/injection/callback/CallbackInfo;)V has 0 override(s) in child classes
[02Oct2026 13:24:47.137] [main/DEBUG] [mixin/]: ponderer.mixins.json:MinecraftNbtPickMixin from mod ponderer->@Inject::ponderer$interceptMiddlePickForNbtCapture(Lorg/spongepowered/asm/mixin/injection/callback/CallbackInfo;)V won't be passed a CallbackInfo as a result
[02Oct2026 13:24:47.137] [main/DEBUG] [mixin/]: ponderer.mixins.json:MinecraftSetScreenCaptureMixin from mod ponderer->@Inject::ponderer$captureSetScreen(Lnet/minecraft/client/gui/screens/Screen;Lorg/spongepowered/asm/mixin/injection/callback/CallbackInfo;)V does use it's CallbackInfo
[02Oct2026 13:24:47.371] [main/DEBUG] [io.netty.util.internal.logging.InternalLoggerFactory/]: Using SLF4J as the default logging framework
[02Oct2026 13:24:47.378] [main/DEBUG] [io.netty.util.ResourceLeakDetector/]: -Dio.netty.leakDetection.level: simple
[02Oct2026 13:24:47.378] [main/DEBUG] [io.netty.util.ResourceLeakDetector/]: -Dio.netty.leakDetection.targetRecords: 4
[02Oct2026 13:24:48.025] [main/DEBUG] [oshi.util.FileUtil/]: No oshi.properties file found from ClassLoader cpw.mods.modlauncher.TransformingClassLoader@7186333e
[02Oct2026 13:24:48.263] [Datafixer Bootstrap/INFO] [com.mojang.datafixers.DataFixerBuilder/]: 229 Datafixer optimizations took 264 milliseconds
[02Oct2026 13:24:48.431] [main/DEBUG] [oshi.util.FileUtil/]: No oshi.architecture.properties file found from ClassLoader cpw.mods.modlauncher.TransformingClassLoader@7186333e
[02Oct2026 13:24:48.484] [pool-10-thread-1/DEBUG] [mixin/]: Mixing MappedRegistryAccessor from neoforge.mixins.json into net.minecraft.core.MappedRegistry
[02Oct2026 13:24:48.569] [pool-10-thread-1/DEBUG] [mixin/]: Mixing accessor.EntityAccessor from ponder-common.mixins.json into net.minecraft.world.entity.Entity
[02Oct2026 13:24:48.569] [pool-10-thread-1/DEBUG] [mixin/]: ponder-common.mixins.json:accessor.EntityAccessor from mod ponder: Class version 65 required is higher than the class version supported by the current version of Mixin (JAVA_17 supports class version 61)
[02Oct2026 13:24:48.598] [pool-10-thread-1/DEBUG] [mixin/]: Mixing LevelMixin from flywheel.impl.mixins.json into net.minecraft.world.level.Level
[02Oct2026 13:24:48.917] [pool-10-thread-1/DEBUG] [mixin/]: Mixing EntityTypeMixin from flywheel.impl.mixins.json into net.minecraft.world.entity.EntityType
[02Oct2026 13:24:48.979] [pool-10-thread-1/DEBUG] [mixin/]: Mixing visualmanage.BlockEntityMixin from flywheel.impl.mixins.json into net.minecraft.world.level.block.entity.BlockEntity
[02Oct2026 13:24:48.981] [pool-10-thread-1/DEBUG] [mixin/]: flywheel.impl.mixins.json:visualmanage.BlockEntityMixin from mod flywheel->@Inject::flywheel$removeVisual(Lorg/spongepowered/asm/mixin/injection/callback/CallbackInfo;)V doesn't use it's CallbackInfo
[02Oct2026 13:24:48.981] [pool-10-thread-1/DEBUG] [mixin/]: flywheel.impl.mixins.json:visualmanage.BlockEntityMixin from mod flywheel->@Inject::flywheel$removeVisual(Lorg/spongepowered/asm/mixin/injection/callback/CallbackInfo;)V has 0 override(s) in child classes
[02Oct2026 13:24:48.981] [pool-10-thread-1/DEBUG] [mixin/]: flywheel.impl.mixins.json:visualmanage.BlockEntityMixin from mod flywheel->@Inject::flywheel$removeVisual(Lorg/spongepowered/asm/mixin/injection/callback/CallbackInfo;)V won't be passed a CallbackInfo as a result
[02Oct2026 13:24:49.205] [pool-10-thread-1/DEBUG] [mixin/]: Mixing BlockEntityTypeMixin from flywheel.impl.mixins.json into net.minecraft.world.level.block.entity.BlockEntityType
[02Oct2026 13:24:49.207] [pool-10-thread-1/DEBUG] [mixin/]: Mixing BlockEntityTypeAccessor from neoforge.mixins.json into net.minecraft.world.level.block.entity.BlockEntityType
[02Oct2026 13:24:50.339] [pool-10-thread-1/DEBUG] [io.netty.util.internal.PlatformDependent0/]: -Dio.netty.noUnsafe: false
[02Oct2026 13:24:50.340] [pool-10-thread-1/DEBUG] [io.netty.util.internal.PlatformDependent0/]: Java version: 21
[02Oct2026 13:24:50.340] [pool-10-thread-1/DEBUG] [io.netty.util.internal.PlatformDependent0/]: sun.misc.Unsafe.theUnsafe: available
[02Oct2026 13:24:50.340] [pool-10-thread-1/DEBUG] [io.netty.util.internal.PlatformDependent0/]: sun.misc.Unsafe.copyMemory: available
[02Oct2026 13:24:50.341] [pool-10-thread-1/DEBUG] [io.netty.util.internal.PlatformDependent0/]: sun.misc.Unsafe.storeFence: available
[02Oct2026 13:24:50.341] [pool-10-thread-1/DEBUG] [io.netty.util.internal.PlatformDependent0/]: java.nio.Buffer.address: available
[02Oct2026 13:24:50.341] [pool-10-thread-1/DEBUG] [io.netty.util.internal.PlatformDependent0/]: direct buffer constructor: unavailable: Reflective setAccessible(true) disabled
[02Oct2026 13:24:50.341] [pool-10-thread-1/DEBUG] [io.netty.util.internal.PlatformDependent0/]: java.nio.Bits.unaligned: available, true
[02Oct2026 13:24:50.342] [pool-10-thread-1/DEBUG] [io.netty.util.internal.PlatformDependent0/]: jdk.internal.misc.Unsafe.allocateUninitializedArray(int): unavailable: class io.netty.util.internal.PlatformDependent0$7 (in module io.netty.common) cannot access class jdk.internal.misc.Unsafe (in module java.base) because module java.base does not export jdk.internal.misc to module io.netty.common
[02Oct2026 13:24:50.342] [pool-10-thread-1/DEBUG] [io.netty.util.internal.PlatformDependent0/]: java.nio.DirectByteBuffer.<init>(long, {int,long}): unavailable
[02Oct2026 13:24:50.342] [pool-10-thread-1/DEBUG] [io.netty.util.internal.PlatformDependent/]: sun.misc.Unsafe: available
[02Oct2026 13:24:50.343] [pool-10-thread-1/DEBUG] [io.netty.util.internal.PlatformDependent/]: maxDirectMemory: 8350859264 bytes (maybe)
[02Oct2026 13:24:50.343] [pool-10-thread-1/DEBUG] [io.netty.util.internal.PlatformDependent/]: -Dio.netty.tmpdir: C:\Users\laure\AppData\Local\Temp (java.io.tmpdir)
[02Oct2026 13:24:50.343] [pool-10-thread-1/DEBUG] [io.netty.util.internal.PlatformDependent/]: -Dio.netty.bitMode: 64 (sun.arch.data.model)
[02Oct2026 13:24:50.343] [pool-10-thread-1/DEBUG] [io.netty.util.internal.PlatformDependent/]: Platform: Windows
[02Oct2026 13:24:50.344] [pool-10-thread-1/DEBUG] [io.netty.util.internal.PlatformDependent/]: -Dio.netty.maxDirectMemory: -1 bytes
[02Oct2026 13:24:50.344] [pool-10-thread-1/DEBUG] [io.netty.util.internal.PlatformDependent/]: -Dio.netty.uninitializedArrayAllocationThreshold: -1
[02Oct2026 13:24:50.345] [pool-10-thread-1/DEBUG] [io.netty.util.internal.CleanerJava9/]: java.nio.ByteBuffer.cleaner(): available
[02Oct2026 13:24:50.345] [pool-10-thread-1/DEBUG] [io.netty.util.internal.PlatformDependent/]: -Dio.netty.noPreferDirect: false
[02Oct2026 13:24:50.443] [pool-10-thread-1/DEBUG] [mixin/]: Mixing visualmanage.LevelChunkMixin from flywheel.impl.mixins.json into net.minecraft.world.level.chunk.LevelChunk
[02Oct2026 13:24:50.448] [pool-10-thread-1/DEBUG] [mixin/]: flywheel.impl.mixins.json:visualmanage.LevelChunkMixin from mod flywheel->@Inject::flywheel$onBlockEntityAdded(Lnet/minecraft/world/level/block/entity/BlockEntity;Lorg/spongepowered/asm/mixin/injection/callback/CallbackInfo;)V doesn't use it's CallbackInfo
[02Oct2026 13:24:50.449] [pool-10-thread-1/DEBUG] [mixin/]: flywheel.impl.mixins.json:visualmanage.LevelChunkMixin from mod flywheel->@Inject::flywheel$onBlockEntityAdded(Lnet/minecraft/world/level/block/entity/BlockEntity;Lorg/spongepowered/asm/mixin/injection/callback/CallbackInfo;)V has 0 override(s) in child classes
[02Oct2026 13:24:50.449] [pool-10-thread-1/DEBUG] [mixin/]: flywheel.impl.mixins.json:visualmanage.LevelChunkMixin from mod flywheel->@Inject::flywheel$onBlockEntityAdded(Lnet/minecraft/world/level/block/entity/BlockEntity;Lorg/spongepowered/asm/mixin/injection/callback/CallbackInfo;)V won't be passed a CallbackInfo as a result
[02Oct2026 13:24:51.931] [main/DEBUG] [mixin/]: Mixing accessor.MinecraftServerAccessor from ponder-common.mixins.json into net.minecraft.server.MinecraftServer
[02Oct2026 13:24:51.931] [main/DEBUG] [mixin/]: ponder-common.mixins.json:accessor.MinecraftServerAccessor from mod ponder: Class version 65 required is higher than the class version supported by the current version of Mixin (JAVA_17 supports class version 61)
[02Oct2026 13:24:52.359] [main/WARN] [net.minecraft.commands.Commands/]: Ambiguity between arguments [teleport, location] and [teleport, destination] with inputs: [0.1 -0.5 .9, 0 0 0]
[02Oct2026 13:24:52.360] [main/WARN] [net.minecraft.commands.Commands/]: Ambiguity between arguments [teleport, location] and [teleport, targets] with inputs: [0.1 -0.5 .9, 0 0 0]
[02Oct2026 13:24:52.361] [main/WARN] [net.minecraft.commands.Commands/]: Ambiguity between arguments [teleport, destination] and [teleport, targets] with inputs: [Player, 0123, @e, dd12be42-52a9-4a91-a8a1-11c01849e498]
[02Oct2026 13:24:52.362] [main/WARN] [net.minecraft.commands.Commands/]: Ambiguity between arguments [teleport, targets] and [teleport, destination] with inputs: [Player, 0123, dd12be42-52a9-4a91-a8a1-11c01849e498]
[02Oct2026 13:24:52.363] [main/WARN] [net.minecraft.commands.Commands/]: Ambiguity between arguments [teleport, targets, location] and [teleport, targets, destination] with inputs: [0.1 -0.5 .9, 0 0 0]
[02Oct2026 13:24:52.371] [Render thread/DEBUG] [mixin/]: Mixing RenderSystemMixin from flywheel.backend.mixins.json into com.mojang.blaze3d.systems.RenderSystem
[02Oct2026 13:24:52.374] [Render thread/DEBUG] [mixin/]: Mixing client.accessor.RenderSystemAccessor from ponder-common.mixins.json into com.mojang.blaze3d.systems.RenderSystem
[02Oct2026 13:24:52.374] [Render thread/DEBUG] [mixin/]: ponder-common.mixins.json:client.accessor.RenderSystemAccessor from mod ponder: Class version 65 required is higher than the class version supported by the current version of Mixin (JAVA_17 supports class version 61)
[02Oct2026 13:24:52.374] [Render thread/DEBUG] [mixin/]: Renaming @Accessor method catnip$getShaderLightDirections()[Lorg/joml/Vector3f; to catnip$getShaderLightDirections$ponder_$md$68af5e$0 in ponder-common.mixins.json:client.accessor.RenderSystemAccessor from mod ponder
[02Oct2026 13:24:52.374] [Render thread/DEBUG] [mixin/]: Mixing RenderSystemShaderLightsAccessor from ponderer.mixins.json into com.mojang.blaze3d.systems.RenderSystem
[02Oct2026 13:24:52.374] [Render thread/DEBUG] [mixin/]: Renaming @Accessor method ponderer$getShaderLightDirections()[Lorg/joml/Vector3f; to getShaderLightDirections$ponderer_$md$68af5e$1 in ponderer.mixins.json:RenderSystemShaderLightsAccessor from mod ponderer
[02Oct2026 13:24:52.376] [Render thread/DEBUG] [mixin/]: flywheel.backend.mixins.json:RenderSystemMixin from mod flywheel->@Inject::flywheel$onInitRenderer(Lorg/spongepowered/asm/mixin/injection/callback/CallbackInfo;)V doesn't use it's CallbackInfo
[02Oct2026 13:24:52.376] [Render thread/DEBUG] [mixin/]: flywheel.backend.mixins.json:RenderSystemMixin from mod flywheel->@Inject::flywheel$onSetFogStart(Lorg/spongepowered/asm/mixin/injection/callback/CallbackInfo;)V doesn't use it's CallbackInfo
[02Oct2026 13:24:52.376] [Render thread/DEBUG] [mixin/]: flywheel.backend.mixins.json:RenderSystemMixin from mod flywheel->@Inject::flywheel$onSetFogEnd(Lorg/spongepowered/asm/mixin/injection/callback/CallbackInfo;)V doesn't use it's CallbackInfo
[02Oct2026 13:24:52.376] [Render thread/DEBUG] [mixin/]: flywheel.backend.mixins.json:RenderSystemMixin from mod flywheel->@Inject::flywheel$onSetFogShape(Lorg/spongepowered/asm/mixin/injection/callback/CallbackInfo;)V doesn't use it's CallbackInfo
[02Oct2026 13:24:52.377] [Render thread/DEBUG] [mixin/]: flywheel.backend.mixins.json:RenderSystemMixin from mod flywheel->@Inject::flywheel$onSetFogColor(Lorg/spongepowered/asm/mixin/injection/callback/CallbackInfo;)V doesn't use it's CallbackInfo
[02Oct2026 13:24:52.392] [Render thread/DEBUG] [mixin/]: Mixing client.accessor.ScreenAccessor from ponder-common.mixins.json into net.minecraft.client.gui.screens.Screen
[02Oct2026 13:24:52.392] [Render thread/DEBUG] [mixin/]: ponder-common.mixins.json:client.accessor.ScreenAccessor from mod ponder: Class version 65 required is higher than the class version supported by the current version of Mixin (JAVA_17 supports class version 61)
[02Oct2026 13:24:52.406] [Render thread/DEBUG] [mixin/]: Mixing AbstractClientPlayerAccessor from flywheel.backend.mixins.json into net.minecraft.client.player.AbstractClientPlayer
[02Oct2026 13:24:52.421] [Render thread/DEBUG] [mixin/]: Mixing AbstractContainerScreenAccessor from ponderer.mixins.json into net.minecraft.client.gui.screens.inventory.AbstractContainerScreen
[02Oct2026 13:24:52.421] [Render thread/DEBUG] [mixin/]: Mixing EmbeddedMirrorContainerScreenMixin from ponderer.mixins.json into net.minecraft.client.gui.screens.inventory.AbstractContainerScreen
[02Oct2026 13:24:52.453] [Render thread/DEBUG] [mixin/]: ponderer.mixins.json:EmbeddedMirrorContainerScreenMixin from mod ponderer->@Inject::ponderer$raiseWholeMekanismGui(Lnet/minecraft/client/gui/GuiGraphics;IIFLorg/spongepowered/asm/mixin/injection/callback/CallbackInfo;)V doesn't use it's CallbackInfo
[02Oct2026 13:24:52.454] [Render thread/DEBUG] [mixin/]: ponderer.mixins.json:EmbeddedMirrorContainerScreenMixin from mod ponderer->@Inject::ponderer$raiseWholeMekanismGui(Lnet/minecraft/client/gui/GuiGraphics;IIFLorg/spongepowered/asm/mixin/injection/callback/CallbackInfo;)V has 0 override(s) in child classes
[02Oct2026 13:24:52.454] [Render thread/DEBUG] [mixin/]: ponderer.mixins.json:EmbeddedMirrorContainerScreenMixin from mod ponderer->@Inject::ponderer$raiseWholeMekanismGui(Lnet/minecraft/client/gui/GuiGraphics;IIFLorg/spongepowered/asm/mixin/injection/callback/CallbackInfo;)V won't be passed a CallbackInfo as a result
[02Oct2026 13:24:52.454] [Render thread/DEBUG] [mixin/]: ponderer.mixins.json:EmbeddedMirrorContainerScreenMixin from mod ponderer->@Inject::ponderer$restoreWholeMekanismGui(Lnet/minecraft/client/gui/GuiGraphics;IIFLorg/spongepowered/asm/mixin/injection/callback/CallbackInfo;)V doesn't use it's CallbackInfo
[02Oct2026 13:24:52.454] [Render thread/DEBUG] [mixin/]: ponderer.mixins.json:EmbeddedMirrorContainerScreenMixin from mod ponderer->@Inject::ponderer$restoreWholeMekanismGui(Lnet/minecraft/client/gui/GuiGraphics;IIFLorg/spongepowered/asm/mixin/injection/callback/CallbackInfo;)V has 0 override(s) in child classes
[02Oct2026 13:24:52.454] [Render thread/DEBUG] [mixin/]: ponderer.mixins.json:EmbeddedMirrorContainerScreenMixin from mod ponderer->@Inject::ponderer$restoreWholeMekanismGui(Lnet/minecraft/client/gui/GuiGraphics;IIFLorg/spongepowered/asm/mixin/injection/callback/CallbackInfo;)V won't be passed a CallbackInfo as a result
[02Oct2026 13:24:52.454] [Render thread/DEBUG] [mixin/]: ponderer.mixins.json:EmbeddedMirrorContainerScreenMixin from mod ponderer->@Inject::ponderer$raiseEmbeddedBackground(Lnet/minecraft/client/gui/GuiGraphics;IIFLorg/spongepowered/asm/mixin/injection/callback/CallbackInfo;)V doesn't use it's CallbackInfo
[02Oct2026 13:24:52.454] [Render thread/DEBUG] [mixin/]: ponderer.mixins.json:EmbeddedMirrorContainerScreenMixin from mod ponderer->@Inject::ponderer$raiseEmbeddedBackground(Lnet/minecraft/client/gui/GuiGraphics;IIFLorg/spongepowered/asm/mixin/injection/callback/CallbackInfo;)V has 0 override(s) in child classes
[02Oct2026 13:24:52.454] [Render thread/DEBUG] [mixin/]: ponderer.mixins.json:EmbeddedMirrorContainerScreenMixin from mod ponderer->@Inject::ponderer$raiseEmbeddedBackground(Lnet/minecraft/client/gui/GuiGraphics;IIFLorg/spongepowered/asm/mixin/injection/callback/CallbackInfo;)V won't be passed a CallbackInfo as a result
[02Oct2026 13:24:52.454] [Render thread/DEBUG] [mixin/]: ponderer.mixins.json:EmbeddedMirrorContainerScreenMixin from mod ponderer->@Inject::ponderer$restoreEmbeddedBackgroundZ(Lnet/minecraft/client/gui/GuiGraphics;IIFLorg/spongepowered/asm/mixin/injection/callback/CallbackInfo;)V doesn't use it's CallbackInfo
[02Oct2026 13:24:52.454] [Render thread/DEBUG] [mixin/]: ponderer.mixins.json:EmbeddedMirrorContainerScreenMixin from mod ponderer->@Inject::ponderer$restoreEmbeddedBackgroundZ(Lnet/minecraft/client/gui/GuiGraphics;IIFLorg/spongepowered/asm/mixin/injection/callback/CallbackInfo;)V has 0 override(s) in child classes
[02Oct2026 13:24:52.454] [Render thread/DEBUG] [mixin/]: ponderer.mixins.json:EmbeddedMirrorContainerScreenMixin from mod ponderer->@Inject::ponderer$restoreEmbeddedBackgroundZ(Lnet/minecraft/client/gui/GuiGraphics;IIFLorg/spongepowered/asm/mixin/injection/callback/CallbackInfo;)V won't be passed a CallbackInfo as a result
[02Oct2026 13:24:52.454] [Render thread/DEBUG] [mixin/]: ponderer.mixins.json:EmbeddedMirrorContainerScreenMixin from mod ponderer->@Inject::ponderer$raiseEmbeddedSlot(Lnet/minecraft/client/gui/GuiGraphics;Lnet/minecraft/world/inventory/Slot;Lorg/spongepowered/asm/mixin/injection/callback/CallbackInfo;)V doesn't use it's CallbackInfo
[02Oct2026 13:24:52.454] [Render thread/DEBUG] [mixin/]: ponderer.mixins.json:EmbeddedMirrorContainerScreenMixin from mod ponderer->@Inject::ponderer$raiseEmbeddedSlot(Lnet/minecraft/client/gui/GuiGraphics;Lnet/minecraft/world/inventory/Slot;Lorg/spongepowered/asm/mixin/injection/callback/CallbackInfo;)V has 0 override(s) in child classes
[02Oct2026 13:24:52.454] [Render thread/DEBUG] [mixin/]: ponderer.mixins.json:EmbeddedMirrorContainerScreenMixin from mod ponderer->@Inject::ponderer$raiseEmbeddedSlot(Lnet/minecraft/client/gui/GuiGraphics;Lnet/minecraft/world/inventory/Slot;Lorg/spongepowered/asm/mixin/injection/callback/CallbackInfo;)V won't be passed a CallbackInfo as a result
[02Oct2026 13:24:52.454] [Render thread/DEBUG] [mixin/]: ponderer.mixins.json:EmbeddedMirrorContainerScreenMixin from mod ponderer->@Inject::ponderer$restoreEmbeddedSlotZ(Lnet/minecraft/client/gui/GuiGraphics;Lnet/minecraft/world/inventory/Slot;Lorg/spongepowered/asm/mixin/injection/callback/CallbackInfo;)V doesn't use it's CallbackInfo
[02Oct2026 13:24:52.454] [Render thread/DEBUG] [mixin/]: ponderer.mixins.json:EmbeddedMirrorContainerScreenMixin from mod ponderer->@Inject::ponderer$restoreEmbeddedSlotZ(Lnet/minecraft/client/gui/GuiGraphics;Lnet/minecraft/world/inventory/Slot;Lorg/spongepowered/asm/mixin/injection/callback/CallbackInfo;)V has 0 override(s) in child classes
[02Oct2026 13:24:52.454] [Render thread/DEBUG] [mixin/]: ponderer.mixins.json:EmbeddedMirrorContainerScreenMixin from mod ponderer->@Inject::ponderer$restoreEmbeddedSlotZ(Lnet/minecraft/client/gui/GuiGraphics;Lnet/minecraft/world/inventory/Slot;Lorg/spongepowered/asm/mixin/injection/callback/CallbackInfo;)V won't be passed a CallbackInfo as a result
[02Oct2026 13:24:52.454] [Render thread/DEBUG] [mixin/]: ponderer.mixins.json:EmbeddedMirrorContainerScreenMixin from mod ponderer->@Inject::ponderer$restoreEmbeddedSlotZ(Lnet/minecraft/client/gui/GuiGraphics;Lnet/minecraft/world/inventory/Slot;Lorg/spongepowered/asm/mixin/injection/callback/CallbackInfo;)V doesn't use it's CallbackInfo
[02Oct2026 13:24:52.454] [Render thread/DEBUG] [mixin/]: ponderer.mixins.json:EmbeddedMirrorContainerScreenMixin from mod ponderer->@Inject::ponderer$restoreEmbeddedSlotZ(Lnet/minecraft/client/gui/GuiGraphics;Lnet/minecraft/world/inventory/Slot;Lorg/spongepowered/asm/mixin/injection/callback/CallbackInfo;)V has 0 override(s) in child classes
[02Oct2026 13:24:52.454] [Render thread/DEBUG] [mixin/]: ponderer.mixins.json:EmbeddedMirrorContainerScreenMixin from mod ponderer->@Inject::ponderer$restoreEmbeddedSlotZ(Lnet/minecraft/client/gui/GuiGraphics;Lnet/minecraft/world/inventory/Slot;Lorg/spongepowered/asm/mixin/injection/callback/CallbackInfo;)V won't be passed a CallbackInfo as a result
[02Oct2026 13:24:52.454] [Render thread/DEBUG] [mixin/]: ponderer.mixins.json:EmbeddedMirrorContainerScreenMixin from mod ponderer->@Inject::ponderer$raiseEmbeddedFloatingItem(Lnet/minecraft/client/gui/GuiGraphics;Lnet/minecraft/world/item/ItemStack;IILjava/lang/String;Lorg/spongepowered/asm/mixin/injection/callback/CallbackInfo;)V doesn't use it's CallbackInfo
[02Oct2026 13:24:52.454] [Render thread/DEBUG] [mixin/]: ponderer.mixins.json:EmbeddedMirrorContainerScreenMixin from mod ponderer->@Inject::ponderer$raiseEmbeddedFloatingItem(Lnet/minecraft/client/gui/GuiGraphics;Lnet/minecraft/world/item/ItemStack;IILjava/lang/String;Lorg/spongepowered/asm/mixin/injection/callback/CallbackInfo;)V has 0 override(s) in child classes
[02Oct2026 13:24:52.454] [Render thread/DEBUG] [mixin/]: ponderer.mixins.json:EmbeddedMirrorContainerScreenMixin from mod ponderer->@Inject::ponderer$raiseEmbeddedFloatingItem(Lnet/minecraft/client/gui/GuiGraphics;Lnet/minecraft/world/item/ItemStack;IILjava/lang/String;Lorg/spongepowered/asm/mixin/injection/callback/CallbackInfo;)V won't be passed a CallbackInfo as a result
[02Oct2026 13:24:52.454] [Render thread/DEBUG] [mixin/]: ponderer.mixins.json:EmbeddedMirrorContainerScreenMixin from mod ponderer->@Inject::ponderer$restoreEmbeddedFloatingItemZ(Lnet/minecraft/client/gui/GuiGraphics;Lnet/minecraft/world/item/ItemStack;IILjava/lang/String;Lorg/spongepowered/asm/mixin/injection/callback/CallbackInfo;)V doesn't use it's CallbackInfo
[02Oct2026 13:24:52.455] [Render thread/DEBUG] [mixin/]: ponderer.mixins.json:EmbeddedMirrorContainerScreenMixin from mod ponderer->@Inject::ponderer$restoreEmbeddedFloatingItemZ(Lnet/minecraft/client/gui/GuiGraphics;Lnet/minecraft/world/item/ItemStack;IILjava/lang/String;Lorg/spongepowered/asm/mixin/injection/callback/CallbackInfo;)V has 0 override(s) in child classes
[02Oct2026 13:24:52.455] [Render thread/DEBUG] [mixin/]: ponderer.mixins.json:EmbeddedMirrorContainerScreenMixin from mod ponderer->@Inject::ponderer$restoreEmbeddedFloatingItemZ(Lnet/minecraft/client/gui/GuiGraphics;Lnet/minecraft/world/item/ItemStack;IILjava/lang/String;Lorg/spongepowered/asm/mixin/injection/callback/CallbackInfo;)V won't be passed a CallbackInfo as a result
[02Oct2026 13:24:52.455] [Render thread/DEBUG] [mixin/]: ponderer.mixins.json:EmbeddedMirrorContainerScreenMixin from mod ponderer->@Inject::ponderer$raiseEmbeddedLabels(Lnet/minecraft/client/gui/GuiGraphics;IILorg/spongepowered/asm/mixin/injection/callback/CallbackInfo;)V doesn't use it's CallbackInfo
[02Oct2026 13:24:52.455] [Render thread/DEBUG] [mixin/]: ponderer.mixins.json:EmbeddedMirrorContainerScreenMixin from mod ponderer->@Inject::ponderer$raiseEmbeddedLabels(Lnet/minecraft/client/gui/GuiGraphics;IILorg/spongepowered/asm/mixin/injection/callback/CallbackInfo;)V has 0 override(s) in child classes
[02Oct2026 13:24:52.455] [Render thread/DEBUG] [mixin/]: ponderer.mixins.json:EmbeddedMirrorContainerScreenMixin from mod ponderer->@Inject::ponderer$raiseEmbeddedLabels(Lnet/minecraft/client/gui/GuiGraphics;IILorg/spongepowered/asm/mixin/injection/callback/CallbackInfo;)V won't be passed a CallbackInfo as a result
[02Oct2026 13:24:52.455] [Render thread/DEBUG] [mixin/]: ponderer.mixins.json:EmbeddedMirrorContainerScreenMixin from mod ponderer->@Inject::ponderer$restoreEmbeddedLabels(Lnet/minecraft/client/gui/GuiGraphics;IILorg/spongepowered/asm/mixin/injection/callback/CallbackInfo;)V doesn't use it's CallbackInfo
[02Oct2026 13:24:52.455] [Render thread/DEBUG] [mixin/]: ponderer.mixins.json:EmbeddedMirrorContainerScreenMixin from mod ponderer->@Inject::ponderer$restoreEmbeddedLabels(Lnet/minecraft/client/gui/GuiGraphics;IILorg/spongepowered/asm/mixin/injection/callback/CallbackInfo;)V has 0 override(s) in child classes
[02Oct2026 13:24:52.455] [Render thread/DEBUG] [mixin/]: ponderer.mixins.json:EmbeddedMirrorContainerScreenMixin from mod ponderer->@Inject::ponderer$restoreEmbeddedLabels(Lnet/minecraft/client/gui/GuiGraphics;IILorg/spongepowered/asm/mixin/injection/callback/CallbackInfo;)V won't be passed a CallbackInfo as a result
[02Oct2026 13:24:52.455] [Render thread/DEBUG] [mixin/]: ponderer.mixins.json:EmbeddedMirrorContainerScreenMixin from mod ponderer->@Inject::ponderer$raiseEmbeddedTooltip(Lnet/minecraft/client/gui/GuiGraphics;IILorg/spongepowered/asm/mixin/injection/callback/CallbackInfo;)V doesn't use it's CallbackInfo
[02Oct2026 13:24:52.455] [Render thread/DEBUG] [mixin/]: ponderer.mixins.json:EmbeddedMirrorContainerScreenMixin from mod ponderer->@Inject::ponderer$raiseEmbeddedTooltip(Lnet/minecraft/client/gui/GuiGraphics;IILorg/spongepowered/asm/mixin/injection/callback/CallbackInfo;)V has 0 override(s) in child classes
[02Oct2026 13:24:52.455] [Render thread/DEBUG] [mixin/]: ponderer.mixins.json:EmbeddedMirrorContainerScreenMixin from mod ponderer->@Inject::ponderer$raiseEmbeddedTooltip(Lnet/minecraft/client/gui/GuiGraphics;IILorg/spongepowered/asm/mixin/injection/callback/CallbackInfo;)V won't be passed a CallbackInfo as a result
[02Oct2026 13:24:52.455] [Render thread/DEBUG] [mixin/]: ponderer.mixins.json:EmbeddedMirrorContainerScreenMixin from mod ponderer->@Inject::ponderer$restoreEmbeddedTooltip(Lnet/minecraft/client/gui/GuiGraphics;IILorg/spongepowered/asm/mixin/injection/callback/CallbackInfo;)V doesn't use it's CallbackInfo
[02Oct2026 13:24:52.455] [Render thread/DEBUG] [mixin/]: ponderer.mixins.json:EmbeddedMirrorContainerScreenMixin from mod ponderer->@Inject::ponderer$restoreEmbeddedTooltip(Lnet/minecraft/client/gui/GuiGraphics;IILorg/spongepowered/asm/mixin/injection/callback/CallbackInfo;)V has 0 override(s) in child classes
[02Oct2026 13:24:52.455] [Render thread/DEBUG] [mixin/]: ponderer.mixins.json:EmbeddedMirrorContainerScreenMixin from mod ponderer->@Inject::ponderer$restoreEmbeddedTooltip(Lnet/minecraft/client/gui/GuiGraphics;IILorg/spongepowered/asm/mixin/injection/callback/CallbackInfo;)V won't be passed a CallbackInfo as a result
[02Oct2026 13:24:52.463] [Render thread/DEBUG] [mixin/]: Mixing accessor.TimerAccessor from ponder-common.mixins.json into net.minecraft.client.DeltaTracker$Timer
[02Oct2026 13:24:52.463] [Render thread/DEBUG] [mixin/]: ponder-common.mixins.json:accessor.TimerAccessor from mod ponder: Class version 65 required is higher than the class version supported by the current version of Mixin (JAVA_17 supports class version 61)
[02Oct2026 13:24:52.520] [Render thread/WARN] [net.minecraft.server.packs.VanillaPackResourcesBuilder/]: Assets URL 'union:/C:/Users/laure/IdeaProjects/RealnessMC-Content-Pack/build/moddev/artifacts/neoforge-21.1.248.jar%23190!/assets/.mcassetsroot' uses unexpected schema
[02Oct2026 13:24:52.521] [Render thread/WARN] [net.minecraft.server.packs.VanillaPackResourcesBuilder/]: Assets URL 'union:/C:/Users/laure/IdeaProjects/RealnessMC-Content-Pack/build/moddev/artifacts/neoforge-21.1.248.jar%23190!/data/.mcassetsroot' uses unexpected schema
[02Oct2026 13:24:52.555] [Render thread/INFO] [com.mojang.authlib.yggdrasil.YggdrasilAuthenticationService/]: Environment: Environment[sessionHost=https://sessionserver.mojang.com, servicesHost=https://api.minecraftservices.com, name=PROD]
[02Oct2026 13:24:52.560] [Render thread/INFO] [net.minecraft.client.Minecraft/]: Setting user: Dev
[02Oct2026 13:24:52.563] [Render thread/DEBUG] [mixin/]: Mixing OptionsMixin from flywheel.backend.mixins.json into net.minecraft.client.Options
[02Oct2026 13:24:52.565] [Render thread/DEBUG] [mixin/]: flywheel.backend.mixins.json:OptionsMixin from mod flywheel->@Inject::flywheel$onLoad(Lorg/spongepowered/asm/mixin/injection/callback/CallbackInfo;)V doesn't use it's CallbackInfo
[02Oct2026 13:24:52.565] [Render thread/DEBUG] [mixin/]: flywheel.backend.mixins.json:OptionsMixin from mod flywheel->@Inject::flywheel$onLoad(Lorg/spongepowered/asm/mixin/injection/callback/CallbackInfo;)V has 0 override(s) in child classes
[02Oct2026 13:24:52.565] [Render thread/DEBUG] [mixin/]: flywheel.backend.mixins.json:OptionsMixin from mod flywheel->@Inject::flywheel$onLoad(Lorg/spongepowered/asm/mixin/injection/callback/CallbackInfo;)V won't be passed a CallbackInfo as a result
[02Oct2026 13:24:52.565] [Render thread/DEBUG] [mixin/]: flywheel.backend.mixins.json:OptionsMixin from mod flywheel->@Inject::flywheel$onSave(Lorg/spongepowered/asm/mixin/injection/callback/CallbackInfo;)V doesn't use it's CallbackInfo
[02Oct2026 13:24:52.565] [Render thread/DEBUG] [mixin/]: flywheel.backend.mixins.json:OptionsMixin from mod flywheel->@Inject::flywheel$onSave(Lorg/spongepowered/asm/mixin/injection/callback/CallbackInfo;)V has 0 override(s) in child classes
[02Oct2026 13:24:52.565] [Render thread/DEBUG] [mixin/]: flywheel.backend.mixins.json:OptionsMixin from mod flywheel->@Inject::flywheel$onSave(Lorg/spongepowered/asm/mixin/injection/callback/CallbackInfo;)V won't be passed a CallbackInfo as a result
[02Oct2026 13:24:52.650] [Render thread/INFO] [net.minecraft.client.Minecraft/]: Backend library: LWJGL version 3.3.3+5
[02Oct2026 13:24:52.675] [Render thread/DEBUG] [mixin/]: Mixing GlStateManagerMixin from flywheel.backend.mixins.json into com.mojang.blaze3d.platform.GlStateManager
[02Oct2026 13:24:52.682] [Render thread/DEBUG] [mixin/]: flywheel.backend.mixins.json:GlStateManagerMixin from mod flywheel->@Inject::flywheel$onBindBuffer(IILorg/spongepowered/asm/mixin/injection/callback/CallbackInfo;)V doesn't use it's CallbackInfo
[02Oct2026 13:24:52.682] [Render thread/DEBUG] [mixin/]: flywheel.backend.mixins.json:GlStateManagerMixin from mod flywheel->@Inject::flywheel$onBindVertexArray(ILorg/spongepowered/asm/mixin/injection/callback/CallbackInfo;)V doesn't use it's CallbackInfo
[02Oct2026 13:24:52.682] [Render thread/DEBUG] [mixin/]: flywheel.backend.mixins.json:GlStateManagerMixin from mod flywheel->@Inject::flywheel$onUseProgram(ILorg/spongepowered/asm/mixin/injection/callback/CallbackInfo;)V doesn't use it's CallbackInfo
[02Oct2026 13:24:52.682] [Render thread/DEBUG] [mixin/]: flywheel.backend.mixins.json:GlStateManagerMixin from mod flywheel->@Inject::flywheel$onSetupLevelDiffuseLighting(Lorg/joml/Vector3f;Lorg/joml/Vector3f;Lorg/joml/Matrix4f;Lorg/spongepowered/asm/mixin/injection/callback/CallbackInfo;)V doesn't use it's CallbackInfo
[02Oct2026 13:24:52.710] [Render thread/DEBUG] [mixin/]: Mixing MinecraftCoordPickScrollMixin from ponderer.mixins.json into net.minecraft.client.MouseHandler
[02Oct2026 13:24:52.712] [Render thread/DEBUG] [mixin/]: ponderer.mixins.json:MinecraftCoordPickScrollMixin from mod ponderer->@Inject::ponderer$interceptCoordPickScroll(JDDLorg/spongepowered/asm/mixin/injection/callback/CallbackInfo;)V does use it's CallbackInfo
[02Oct2026 13:24:52.799] [Render thread/DEBUG] [net.neoforged.fml.ModWorkManager/LOADING]: Using 24 threads for parallel mod-loading
[02Oct2026 13:24:52.826] [Render thread/DEBUG] [net.neoforged.fml.javafmlmod.FMLModContainer/LOADING]: Creating FMLModContainer instance for [org.realnessmc.realnessmc_content_pack.Realnessmc_content_pack]
[02Oct2026 13:24:52.830] [Render thread/DEBUG] [net.neoforged.fml.javafmlmod.FMLModContainer/LOADING]: Creating FMLModContainer instance for [dev.engine_room.flywheel.impl.FlywheelNeoForge]
[02Oct2026 13:24:52.832] [Render thread/DEBUG] [net.neoforged.fml.javafmlmod.FMLModContainer/LOADING]: Creating FMLModContainer instance for [net.createmod.ponder.NeoForgePonder, net.createmod.ponder.NeoForgePonderClient]
[02Oct2026 13:24:52.833] [Render thread/DEBUG] [net.neoforged.fml.javafmlmod.FMLModContainer/LOADING]: Creating FMLModContainer instance for [com.nododiiiii.ponderer.neoforge.PondererNeoForge]
[02Oct2026 13:24:52.835] [Render thread/DEBUG] [net.neoforged.fml.javafmlmod.FMLModContainer/LOADING]: Creating FMLModContainer instance for [net.neoforged.neoforge.common.NeoForgeMod, net.neoforged.neoforge.client.ClientNeoForgeMod]
[02Oct2026 13:24:52.871] [modloading-worker-0/DEBUG] [net.neoforged.neoforge.internal.versions.neoforge.NeoForgeVersion/CORE]: Found NeoForge version 21.1.248
[02Oct2026 13:24:52.872] [modloading-worker-0/DEBUG] [net.neoforged.neoforge.internal.versions.neoforge.NeoForgeVersion/CORE]: Found FML version 4.0.43
[02Oct2026 13:24:52.872] [modloading-worker-0/INFO] [net.neoforged.neoforge.common.NeoForgeMod/NEOFORGE-MOD]: NeoForge mod loading, version 21.1.248, for MC 1.21.1
[02Oct2026 13:24:52.873] [modloading-worker-0/DEBUG] [net.neoforged.fml.config.ConfigTracker/CONFIG]: Config file flywheel-client.toml for flywheel tracking
[02Oct2026 13:24:52.876] [modloading-worker-0/DEBUG] [net.neoforged.fml.config.ConfigTracker/CONFIG]: Config file realnessmc_content_pack-common.toml for realnessmc_content_pack tracking
[02Oct2026 13:24:52.887] [modloading-worker-0/DEBUG] [net.neoforged.fml.config.ConfigTracker/CONFIG]: Config file neoforge-client.toml for neoforge tracking
[02Oct2026 13:24:52.887] [modloading-worker-0/DEBUG] [net.neoforged.fml.config.ConfigTracker/CONFIG]: Config file neoforge-server.toml for neoforge tracking
[02Oct2026 13:24:52.887] [modloading-worker-0/DEBUG] [net.neoforged.fml.config.ConfigTracker/CONFIG]: Config file neoforge-common.toml for neoforge tracking
[02Oct2026 13:24:52.906] [modloading-worker-0/DEBUG] [net.neoforged.fml.javafmlmod.AutomaticEventSubscriber/LOADING]: Attempting to inject @EventBusSubscriber classes into the eventbus for realnessmc_content_pack
[02Oct2026 13:24:52.909] [modloading-worker-0/DEBUG] [net.neoforged.fml.javafmlmod.AutomaticEventSubscriber/LOADING]: Scanning class org.realnessmc.realnessmc_content_pack.Config for @SubscribeEvent-annotated methods
[02Oct2026 13:24:52.909] [modloading-worker-0/DEBUG] [net.neoforged.fml.javafmlmod.AutomaticEventSubscriber/LOADING]: Found mix of game bus and mod bus listeners in @EventBusSubscriber class Lorg/realnessmc/realnessmc_content_pack/Config;, registering them separately
[02Oct2026 13:24:52.910] [modloading-worker-0/DEBUG] [net.neoforged.fml.javafmlmod.AutomaticEventSubscriber/LOADING]: Subscribing method static void org.realnessmc.realnessmc_content_pack.Config.onLoad(net.neoforged.fml.event.config.ModConfigEvent) to the event bus of mod realnessmc_content_pack
[02Oct2026 13:24:52.910] [modloading-worker-0/DEBUG] [net.neoforged.fml.javafmlmod.AutomaticEventSubscriber/LOADING]: Subscribing method public static void org.realnessmc.realnessmc_content_pack.Config.onServerStarting(net.neoforged.neoforge.event.server.ServerStartingEvent) to the game event bus
[02Oct2026 13:24:52.912] [modloading-worker-0/DEBUG] [net.neoforged.fml.javafmlmod.AutomaticEventSubscriber/LOADING]: Scanning class org.realnessmc.realnessmc_content_pack.ponder.generated.GeneratedPonderNeoForgeClient for @SubscribeEvent-annotated methods
[02Oct2026 13:24:52.914] [modloading-worker-0/DEBUG] [net.neoforged.fml.javafmlmod.AutomaticEventSubscriber/]: Subscribing @EventBusSubscriber class Lorg/realnessmc/realnessmc_content_pack/ponder/generated/GeneratedPonderNeoForgeClient; to the mod event bus of mod realnessmc_content_pack
[02Oct2026 13:24:52.915] [modloading-worker-0/DEBUG] [net.neoforged.fml.javafmlmod.AutomaticEventSubscriber/LOADING]: Scanning class org.realnessmc.realnessmc_content_pack.WelcomeHandler for @SubscribeEvent-annotated methods
[02Oct2026 13:24:52.916] [modloading-worker-0/DEBUG] [net.neoforged.fml.javafmlmod.AutomaticEventSubscriber/]: Subscribing @EventBusSubscriber class Lorg/realnessmc/realnessmc_content_pack/WelcomeHandler; to the game event bus
[02Oct2026 13:24:52.944] [modloading-worker-0/DEBUG] [net.neoforged.fml.javafmlmod.AutomaticEventSubscriber/LOADING]: Attempting to inject @EventBusSubscriber classes into the eventbus for flywheel
[02Oct2026 13:24:52.949] [modloading-worker-0/DEBUG] [net.neoforged.fml.javafmlmod.AutomaticEventSubscriber/LOADING]: Attempting to inject @EventBusSubscriber classes into the eventbus for neoforge
[02Oct2026 13:24:52.949] [modloading-worker-0/DEBUG] [net.neoforged.fml.javafmlmod.AutomaticEventSubscriber/LOADING]: Scanning class net.neoforged.neoforge.server.command.ConfigCommand for @SubscribeEvent-annotated methods
[02Oct2026 13:24:52.949] [modloading-worker-0/DEBUG] [net.neoforged.fml.javafmlmod.AutomaticEventSubscriber/]: Subscribing @EventBusSubscriber class Lnet/neoforged/neoforge/server/command/ConfigCommand; to the game event bus
[02Oct2026 13:24:52.949] [modloading-worker-0/DEBUG] [net.neoforged.fml.javafmlmod.AutomaticEventSubscriber/LOADING]: Scanning class net.neoforged.neoforge.network.filters.GenericPacketSplitter for @SubscribeEvent-annotated methods
[02Oct2026 13:24:52.951] [modloading-worker-0/DEBUG] [net.neoforged.fml.config.ConfigTracker/CONFIG]: Config file ponder-client.toml for ponder tracking
[02Oct2026 13:24:52.951] [modloading-worker-0/DEBUG] [net.neoforged.fml.javafmlmod.AutomaticEventSubscriber/LOADING]: Attempting to inject @EventBusSubscriber classes into the eventbus for ponder
[02Oct2026 13:24:52.951] [modloading-worker-0/DEBUG] [net.neoforged.fml.javafmlmod.AutomaticEventSubscriber/LOADING]: Scanning class net.createmod.ponder.NeoForgePonderClient$ClientEvents for @SubscribeEvent-annotated methods
[02Oct2026 13:24:52.953] [modloading-worker-0/DEBUG] [net.neoforged.fml.javafmlmod.AutomaticEventSubscriber/]: Subscribing @EventBusSubscriber class Lnet/createmod/ponder/NeoForgePonderClient$ClientEvents; to the game event bus
[02Oct2026 13:24:52.956] [modloading-worker-0/DEBUG] [net.neoforged.fml.javafmlmod.AutomaticEventSubscriber/LOADING]: Scanning class net.createmod.ponder.NeoForgePonder$ModBusEvents for @SubscribeEvent-annotated methods
[02Oct2026 13:24:52.956] [modloading-worker-0/DEBUG] [net.neoforged.fml.javafmlmod.AutomaticEventSubscriber/]: Subscribing @EventBusSubscriber class Lnet/createmod/ponder/NeoForgePonder$ModBusEvents; to the mod event bus of mod ponder
[02Oct2026 13:24:52.956] [modloading-worker-0/DEBUG] [net.neoforged.fml.javafmlmod.AutomaticEventSubscriber/LOADING]: Scanning class net.createmod.ponder.NeoForgePonder$Events for @SubscribeEvent-annotated methods
[02Oct2026 13:24:52.957] [modloading-worker-0/DEBUG] [net.neoforged.fml.javafmlmod.AutomaticEventSubscriber/]: Subscribing @EventBusSubscriber class Lnet/createmod/ponder/NeoForgePonder$Events; to the game event bus
[02Oct2026 13:24:52.957] [modloading-worker-0/DEBUG] [net.neoforged.fml.javafmlmod.AutomaticEventSubscriber/LOADING]: Scanning class net.createmod.ponder.NeoForgePonderClient$ModBusClientEvents for @SubscribeEvent-annotated methods
[02Oct2026 13:24:52.959] [modloading-worker-0/DEBUG] [net.neoforged.fml.javafmlmod.AutomaticEventSubscriber/]: Subscribing @EventBusSubscriber class Lnet/createmod/ponder/NeoForgePonderClient$ModBusClientEvents; to the mod event bus of mod ponder
[02Oct2026 13:24:52.963] [modloading-worker-0/DEBUG] [Ponderer/]: Loaded com.nododiiiii.ponderer.neoforge.NeoForgePlatformHelper@3e87aa33 for service interface com.nododiiiii.ponderer.platform.services.PlatformHelper
[02Oct2026 13:24:52.967] [modloading-worker-0/DEBUG] [Ponderer/]: Loaded com.nododiiiii.ponderer.neoforge.NeoForgeNetworkHelper@bb7dbfa for service interface com.nododiiiii.ponderer.platform.services.NetworkHelper
[02Oct2026 13:24:52.968] [modloading-worker-0/DEBUG] [Ponderer/]: Loaded com.nododiiiii.ponderer.neoforge.NeoForgeRegistrationHelper@28fb1b0e for service interface com.nododiiiii.ponderer.platform.services.RegistrationHelper
[02Oct2026 13:24:52.973] [modloading-worker-0/DEBUG] [io.netty.buffer.AbstractByteBuf/]: -Dio.netty.buffer.checkAccessible: true
[02Oct2026 13:24:52.973] [modloading-worker-0/DEBUG] [io.netty.buffer.AbstractByteBuf/]: -Dio.netty.buffer.checkBounds: true
[02Oct2026 13:24:52.974] [modloading-worker-0/DEBUG] [io.netty.util.ResourceLeakDetectorFactory/]: Loaded default ResourceLeakDetector: io.netty.util.ResourceLeakDetector@46f0265a
[02Oct2026 13:24:52.975] [modloading-worker-0/DEBUG] [net.neoforged.fml.config.ConfigTracker/CONFIG]: Config file ponderer-client.toml for ponderer tracking
[02Oct2026 13:24:52.975] [modloading-worker-0/DEBUG] [net.neoforged.fml.config.ConfigTracker/CONFIG]: Config file ponderer-server.toml for ponderer tracking
[02Oct2026 13:24:52.981] [modloading-worker-0/DEBUG] [io.netty.util.internal.InternalThreadLocalMap/]: -Dio.netty.threadLocalMap.stringBuilder.initialSize: 1024
[02Oct2026 13:24:52.981] [modloading-worker-0/DEBUG] [io.netty.util.internal.InternalThreadLocalMap/]: -Dio.netty.threadLocalMap.stringBuilder.maxSize: 4096
[02Oct2026 13:24:52.983] [modloading-worker-0/DEBUG] [io.netty.buffer.PooledByteBufAllocator/]: -Dio.netty.allocator.numHeapArenas: 48
[02Oct2026 13:24:52.983] [modloading-worker-0/DEBUG] [io.netty.buffer.PooledByteBufAllocator/]: -Dio.netty.allocator.numDirectArenas: 48
[02Oct2026 13:24:52.983] [modloading-worker-0/DEBUG] [io.netty.buffer.PooledByteBufAllocator/]: -Dio.netty.allocator.pageSize: 8192
[02Oct2026 13:24:52.983] [modloading-worker-0/DEBUG] [io.netty.buffer.PooledByteBufAllocator/]: -Dio.netty.allocator.maxOrder: 9
[02Oct2026 13:24:52.983] [modloading-worker-0/DEBUG] [io.netty.buffer.PooledByteBufAllocator/]: -Dio.netty.allocator.chunkSize: 4194304
[02Oct2026 13:24:52.983] [modloading-worker-0/DEBUG] [io.netty.buffer.PooledByteBufAllocator/]: -Dio.netty.allocator.smallCacheSize: 256
[02Oct2026 13:24:52.983] [modloading-worker-0/DEBUG] [io.netty.buffer.PooledByteBufAllocator/]: -Dio.netty.allocator.normalCacheSize: 64
[02Oct2026 13:24:52.983] [modloading-worker-0/DEBUG] [io.netty.buffer.PooledByteBufAllocator/]: -Dio.netty.allocator.maxCachedBufferCapacity: 32768
[02Oct2026 13:24:52.983] [modloading-worker-0/DEBUG] [io.netty.buffer.PooledByteBufAllocator/]: -Dio.netty.allocator.cacheTrimInterval: 8192
[02Oct2026 13:24:52.983] [modloading-worker-0/DEBUG] [io.netty.buffer.PooledByteBufAllocator/]: -Dio.netty.allocator.cacheTrimIntervalMillis: 0
[02Oct2026 13:24:52.983] [modloading-worker-0/DEBUG] [io.netty.buffer.PooledByteBufAllocator/]: -Dio.netty.allocator.useCacheForAllThreads: false
[02Oct2026 13:24:52.983] [modloading-worker-0/DEBUG] [io.netty.buffer.PooledByteBufAllocator/]: -Dio.netty.allocator.maxCachedByteBuffersPerChunk: 1023
[02Oct2026 13:24:52.990] [modloading-worker-0/DEBUG] [io.netty.buffer.ByteBufUtil/]: -Dio.netty.allocator.type: pooled
[02Oct2026 13:24:52.990] [modloading-worker-0/DEBUG] [io.netty.buffer.ByteBufUtil/]: -Dio.netty.threadLocalDirectBufferSize: 0
[02Oct2026 13:24:52.990] [modloading-worker-0/DEBUG] [io.netty.buffer.ByteBufUtil/]: -Dio.netty.maxThreadLocalCharBufferSize: 16384
[02Oct2026 13:24:52.991] [modloading-worker-0/DEBUG] [mixin/]: Mixing PonderUIAccessor from ponderer.mixins.json into net.createmod.ponder.foundation.ui.PonderUI
[02Oct2026 13:24:52.991] [modloading-worker-0/DEBUG] [mixin/]: Mixing PonderUIMixin from ponderer.mixins.json into net.createmod.ponder.foundation.ui.PonderUI
[02Oct2026 13:24:52.993] [modloading-worker-0/DEBUG] [mixin/]: Renaming synthetic method lambda$ponderer$onRemoved$3(Lcom/nododiiiii/ponderer/ui/PonderItemGridScreen;)V to md68af5e$ponderer$lambda$ponderer$onRemoved$3$0 in ponderer.mixins.json:PonderUIMixin from mod ponderer
[02Oct2026 13:24:52.994] [modloading-worker-0/DEBUG] [mixin/]: Renaming synthetic method lambda$ponderer$showReadonlyScenePrompt$2(Lnet/minecraft/client/gui/screens/Screen;Lcom/nododiiiii/ponderer/ui/PondererDialogScreen;)V to md68af5e$ponderer$lambda$ponderer$showReadonlyScenePrompt$2$1 in ponderer.mixins.json:PonderUIMixin from mod ponderer
[02Oct2026 13:24:52.994] [modloading-worker-0/DEBUG] [mixin/]: Renaming synthetic method lambda$ponderer$addEditButton$1()V to md68af5e$ponderer$lambda$ponderer$addEditButton$1$2 in ponderer.mixins.json:PonderUIMixin from mod ponderer
[02Oct2026 13:24:52.994] [modloading-worker-0/DEBUG] [mixin/]: Renaming synthetic method lambda$ponderer$addEditButton$0()V to md68af5e$ponderer$lambda$ponderer$addEditButton$0$3 in ponderer.mixins.json:PonderUIMixin from mod ponderer
[02Oct2026 13:24:53.036] [modloading-worker-0/DEBUG] [mixin/]: Mixing PonderUINbtMixin from ponderer.mixins.json into net.createmod.ponder.foundation.ui.PonderUI
[02Oct2026 13:24:53.037] [modloading-worker-0/DEBUG] [mixin/]: Mixing PonderUIMirrorRenderMixin from ponderer.mixins.json into net.createmod.ponder.foundation.ui.PonderUI
[02Oct2026 13:24:53.067] [modloading-worker-0/DEBUG] [mixin/]: ponderer.mixins.json:PonderUIMixin from mod ponderer->@Inject::ponderer$addEditButton(Lorg/spongepowered/asm/mixin/injection/callback/CallbackInfo;)V doesn't use it's CallbackInfo
[02Oct2026 13:24:53.067] [modloading-worker-0/DEBUG] [mixin/]: ponderer.mixins.json:PonderUIMixin from mod ponderer->@Inject::ponderer$addEditButton(Lorg/spongepowered/asm/mixin/injection/callback/CallbackInfo;)V has 0 override(s) in child classes
[02Oct2026 13:24:53.067] [modloading-worker-0/DEBUG] [mixin/]: ponderer.mixins.json:PonderUIMixin from mod ponderer->@Inject::ponderer$addEditButton(Lorg/spongepowered/asm/mixin/injection/callback/CallbackInfo;)V won't be passed a CallbackInfo as a result
[02Oct2026 13:24:53.067] [modloading-worker-0/DEBUG] [mixin/]: ponderer.mixins.json:PonderUIMixin from mod ponderer->@Inject::ponderer$renderWidgetsOnTop(Lnet/minecraft/client/gui/GuiGraphics;IIFLorg/spongepowered/asm/mixin/injection/callback/CallbackInfo;)V doesn't use it's CallbackInfo
[02Oct2026 13:24:53.067] [modloading-worker-0/DEBUG] [mixin/]: ponderer.mixins.json:PonderUIMixin from mod ponderer->@Inject::ponderer$renderWidgetsOnTop(Lnet/minecraft/client/gui/GuiGraphics;IIFLorg/spongepowered/asm/mixin/injection/callback/CallbackInfo;)V has 0 override(s) in child classes
[02Oct2026 13:24:53.067] [modloading-worker-0/DEBUG] [mixin/]: ponderer.mixins.json:PonderUIMixin from mod ponderer->@Inject::ponderer$renderWidgetsOnTop(Lnet/minecraft/client/gui/GuiGraphics;IIFLorg/spongepowered/asm/mixin/injection/callback/CallbackInfo;)V won't be passed a CallbackInfo as a result
[02Oct2026 13:24:53.067] [modloading-worker-0/DEBUG] [mixin/]: ponderer.mixins.json:PonderUIMixin from mod ponderer->@Inject::ponderer$liftRenderWidgetsAboveScene(Lnet/minecraft/client/gui/GuiGraphics;IIFLorg/spongepowered/asm/mixin/injection/callback/CallbackInfo;)V doesn't use it's CallbackInfo
[02Oct2026 13:24:53.067] [modloading-worker-0/DEBUG] [mixin/]: ponderer.mixins.json:PonderUIMixin from mod ponderer->@Inject::ponderer$liftRenderWidgetsAboveScene(Lnet/minecraft/client/gui/GuiGraphics;IIFLorg/spongepowered/asm/mixin/injection/callback/CallbackInfo;)V has 0 override(s) in child classes
[02Oct2026 13:24:53.067] [modloading-worker-0/DEBUG] [mixin/]: ponderer.mixins.json:PonderUIMixin from mod ponderer->@Inject::ponderer$liftRenderWidgetsAboveScene(Lnet/minecraft/client/gui/GuiGraphics;IIFLorg/spongepowered/asm/mixin/injection/callback/CallbackInfo;)V won't be passed a CallbackInfo as a result
[02Oct2026 13:24:53.067] [modloading-worker-0/DEBUG] [mixin/]: ponderer.mixins.json:PonderUIMixin from mod ponderer->@Inject::ponderer$popRenderWidgetsLift(Lnet/minecraft/client/gui/GuiGraphics;IIFLorg/spongepowered/asm/mixin/injection/callback/CallbackInfo;)V doesn't use it's CallbackInfo
[02Oct2026 13:24:53.067] [modloading-worker-0/DEBUG] [mixin/]: ponderer.mixins.json:PonderUIMixin from mod ponderer->@Inject::ponderer$popRenderWidgetsLift(Lnet/minecraft/client/gui/GuiGraphics;IIFLorg/spongepowered/asm/mixin/injection/callback/CallbackInfo;)V has 0 override(s) in child classes
[02Oct2026 13:24:53.067] [modloading-worker-0/DEBUG] [mixin/]: ponderer.mixins.json:PonderUIMixin from mod ponderer->@Inject::ponderer$popRenderWidgetsLift(Lnet/minecraft/client/gui/GuiGraphics;IIFLorg/spongepowered/asm/mixin/injection/callback/CallbackInfo;)V won't be passed a CallbackInfo as a result
[02Oct2026 13:24:53.067] [modloading-worker-0/DEBUG] [mixin/]: ponderer.mixins.json:PonderUIMixin from mod ponderer->@Inject::ponderer$resetViewOnReplay(Lorg/spongepowered/asm/mixin/injection/callback/CallbackInfo;)V doesn't use it's CallbackInfo
[02Oct2026 13:24:53.068] [modloading-worker-0/DEBUG] [mixin/]: ponderer.mixins.json:PonderUIMixin from mod ponderer->@Inject::ponderer$resetViewOnReplay(Lorg/spongepowered/asm/mixin/injection/callback/CallbackInfo;)V has 0 override(s) in child classes
[02Oct2026 13:24:53.068] [modloading-worker-0/DEBUG] [mixin/]: ponderer.mixins.json:PonderUIMixin from mod ponderer->@Inject::ponderer$resetViewOnReplay(Lorg/spongepowered/asm/mixin/injection/callback/CallbackInfo;)V won't be passed a CallbackInfo as a result
[02Oct2026 13:24:53.068] [modloading-worker-0/DEBUG] [mixin/]: ponderer.mixins.json:PonderUIMixin from mod ponderer->@Inject::ponderer$resetViewOnScroll(ZLorg/spongepowered/asm/mixin/injection/callback/CallbackInfoReturnable;)V does use it's CallbackInfoReturnable
[02Oct2026 13:24:53.068] [modloading-worker-0/DEBUG] [mixin/]: ponderer.mixins.json:PonderUIMixin from mod ponderer->@Inject::ponderer$resetViewOnScroll(ZLorg/spongepowered/asm/mixin/injection/callback/CallbackInfoReturnable;)V does use it's CallbackInfoReturnable
[02Oct2026 13:24:53.068] [modloading-worker-0/DEBUG] [mixin/]: ponderer.mixins.json:PonderUIMixin from mod ponderer->@Inject::ponderer$routeScrollToTextList(DDDDLorg/spongepowered/asm/mixin/injection/callback/CallbackInfoReturnable;)V does use it's CallbackInfoReturnable
[02Oct2026 13:24:53.068] [modloading-worker-0/DEBUG] [mixin/]: ponderer.mixins.json:PonderUIMixin from mod ponderer->@Inject::ponderer$renderEditButtonTooltip(Lnet/minecraft/client/gui/GuiGraphics;ILorg/spongepowered/asm/mixin/injection/callback/CallbackInfo;)V doesn't use it's CallbackInfo
[02Oct2026 13:24:53.068] [modloading-worker-0/DEBUG] [mixin/]: ponderer.mixins.json:PonderUIMixin from mod ponderer->@Inject::ponderer$renderEditButtonTooltip(Lnet/minecraft/client/gui/GuiGraphics;ILorg/spongepowered/asm/mixin/injection/callback/CallbackInfo;)V has 0 override(s) in child classes
[02Oct2026 13:24:53.068] [modloading-worker-0/DEBUG] [mixin/]: ponderer.mixins.json:PonderUIMixin from mod ponderer->@Inject::ponderer$renderEditButtonTooltip(Lnet/minecraft/client/gui/GuiGraphics;ILorg/spongepowered/asm/mixin/injection/callback/CallbackInfo;)V won't be passed a CallbackInfo as a result
[02Oct2026 13:24:53.068] [modloading-worker-0/DEBUG] [mixin/]: ponderer.mixins.json:PonderUIMixin from mod ponderer->@Inject::ponderer$clearSceneEditorUndoOnTrueExit(Lorg/spongepowered/asm/mixin/injection/callback/CallbackInfo;)V doesn't use it's CallbackInfo
[02Oct2026 13:24:53.068] [modloading-worker-0/DEBUG] [mixin/]: ponderer.mixins.json:PonderUIMixin from mod ponderer->@Inject::ponderer$clearSceneEditorUndoOnTrueExit(Lorg/spongepowered/asm/mixin/injection/callback/CallbackInfo;)V has 0 override(s) in child classes
[02Oct2026 13:24:53.068] [modloading-worker-0/DEBUG] [mixin/]: ponderer.mixins.json:PonderUIMixin from mod ponderer->@Inject::ponderer$clearSceneEditorUndoOnTrueExit(Lorg/spongepowered/asm/mixin/injection/callback/CallbackInfo;)V won't be passed a CallbackInfo as a result
[02Oct2026 13:24:53.068] [modloading-worker-0/DEBUG] [mixin/]: ponderer.mixins.json:PonderUIMixin from mod ponderer->@Inject::ponderer$renderFabricShowInterfaceNotice(Lnet/minecraft/client/gui/GuiGraphics;IIFLorg/spongepowered/asm/mixin/injection/callback/CallbackInfo;)V doesn't use it's CallbackInfo
[02Oct2026 13:24:53.068] [modloading-worker-0/DEBUG] [mixin/]: ponderer.mixins.json:PonderUIMixin from mod ponderer->@Inject::ponderer$renderFabricShowInterfaceNotice(Lnet/minecraft/client/gui/GuiGraphics;IIFLorg/spongepowered/asm/mixin/injection/callback/CallbackInfo;)V has 0 override(s) in child classes
[02Oct2026 13:24:53.068] [modloading-worker-0/DEBUG] [mixin/]: ponderer.mixins.json:PonderUIMixin from mod ponderer->@Inject::ponderer$renderFabricShowInterfaceNotice(Lnet/minecraft/client/gui/GuiGraphics;IIFLorg/spongepowered/asm/mixin/injection/callback/CallbackInfo;)V won't be passed a CallbackInfo as a result
[02Oct2026 13:24:53.068] [modloading-worker-0/DEBUG] [mixin/]: ponderer.mixins.json:PonderUIMixin from mod ponderer->@Inject::ponderer$tickPickModeReset(Lorg/spongepowered/asm/mixin/injection/callback/CallbackInfo;)V doesn't use it's CallbackInfo
[02Oct2026 13:24:53.068] [modloading-worker-0/DEBUG] [mixin/]: ponderer.mixins.json:PonderUIMixin from mod ponderer->@Inject::ponderer$tickPickModeReset(Lorg/spongepowered/asm/mixin/injection/callback/CallbackInfo;)V has 0 override(s) in child classes
[02Oct2026 13:24:53.068] [modloading-worker-0/DEBUG] [mixin/]: ponderer.mixins.json:PonderUIMixin from mod ponderer->@Inject::ponderer$tickPickModeReset(Lorg/spongepowered/asm/mixin/injection/callback/CallbackInfo;)V won't be passed a CallbackInfo as a result
[02Oct2026 13:24:53.069] [modloading-worker-0/DEBUG] [mixin/]: ponderer.mixins.json:PonderUIMixin from mod ponderer->@Inject::ponderer$tickPickModeEnable(Lorg/spongepowered/asm/mixin/injection/callback/CallbackInfo;)V doesn't use it's CallbackInfo
[02Oct2026 13:24:53.069] [modloading-worker-0/DEBUG] [mixin/]: ponderer.mixins.json:PonderUIMixin from mod ponderer->@Inject::ponderer$tickPickModeEnable(Lorg/spongepowered/asm/mixin/injection/callback/CallbackInfo;)V has 0 override(s) in child classes
[02Oct2026 13:24:53.069] [modloading-worker-0/DEBUG] [mixin/]: ponderer.mixins.json:PonderUIMixin from mod ponderer->@Inject::ponderer$tickPickModeEnable(Lorg/spongepowered/asm/mixin/injection/callback/CallbackInfo;)V won't be passed a CallbackInfo as a result
[02Oct2026 13:24:53.069] [modloading-worker-0/DEBUG] [mixin/]: ponderer.mixins.json:PonderUIMixin from mod ponderer->@Inject::ponderer$onPickClick(DDILorg/spongepowered/asm/mixin/injection/callback/CallbackInfoReturnable;)V does use it's CallbackInfoReturnable
[02Oct2026 13:24:53.069] [modloading-worker-0/DEBUG] [mixin/]: ponderer.mixins.json:PonderUIMixin from mod ponderer->@Inject::ponderer$renderPickHint(Lnet/minecraft/client/gui/GuiGraphics;IIFLorg/spongepowered/asm/mixin/injection/callback/CallbackInfo;)V doesn't use it's CallbackInfo
[02Oct2026 13:24:53.069] [modloading-worker-0/DEBUG] [mixin/]: ponderer.mixins.json:PonderUIMixin from mod ponderer->@Inject::ponderer$renderPickHint(Lnet/minecraft/client/gui/GuiGraphics;IIFLorg/spongepowered/asm/mixin/injection/callback/CallbackInfo;)V has 0 override(s) in child classes
[02Oct2026 13:24:53.069] [modloading-worker-0/DEBUG] [mixin/]: ponderer.mixins.json:PonderUIMixin from mod ponderer->@Inject::ponderer$renderPickHint(Lnet/minecraft/client/gui/GuiGraphics;IIFLorg/spongepowered/asm/mixin/injection/callback/CallbackInfo;)V won't be passed a CallbackInfo as a result
[02Oct2026 13:24:53.069] [modloading-worker-0/DEBUG] [mixin/]: ponderer.mixins.json:PonderUIMixin from mod ponderer->@Inject::ponderer$onRemoved(Lorg/spongepowered/asm/mixin/injection/callback/CallbackInfo;)V doesn't use it's CallbackInfo
[02Oct2026 13:24:53.069] [modloading-worker-0/DEBUG] [mixin/]: ponderer.mixins.json:PonderUIMixin from mod ponderer->@Inject::ponderer$onRemoved(Lorg/spongepowered/asm/mixin/injection/callback/CallbackInfo;)V has 0 override(s) in child classes
[02Oct2026 13:24:53.069] [modloading-worker-0/DEBUG] [mixin/]: ponderer.mixins.json:PonderUIMixin from mod ponderer->@Inject::ponderer$onRemoved(Lorg/spongepowered/asm/mixin/injection/callback/CallbackInfo;)V won't be passed a CallbackInfo as a result
[02Oct2026 13:24:53.069] [modloading-worker-0/DEBUG] [mixin/]: ponderer.mixins.json:PonderUINbtMixin from mod ponderer->@Inject::ponderer$captureStackHeadMoj(Lnet/minecraft/world/item/ItemStack;Lorg/spongepowered/asm/mixin/injection/callback/CallbackInfoReturnable;)V doesn't use it's CallbackInfoReturnable
[02Oct2026 13:24:53.069] [modloading-worker-0/DEBUG] [mixin/]: ponderer.mixins.json:PonderUINbtMixin from mod ponderer->@Inject::ponderer$clearStackReturnMoj(Lnet/minecraft/world/item/ItemStack;Lorg/spongepowered/asm/mixin/injection/callback/CallbackInfoReturnable;)V doesn't use it's CallbackInfoReturnable
[02Oct2026 13:24:53.069] [modloading-worker-0/DEBUG] [mixin/]: ponderer.mixins.json:PonderUINbtMixin from mod ponderer->@Inject::ponderer$captureStackTagHeadMoj(Lnet/minecraft/world/item/ItemStack;Lnet/createmod/ponder/foundation/PonderTag;Lorg/spongepowered/asm/mixin/injection/callback/CallbackInfoReturnable;)V doesn't use it's CallbackInfoReturnable
[02Oct2026 13:24:53.069] [modloading-worker-0/DEBUG] [mixin/]: ponderer.mixins.json:PonderUINbtMixin from mod ponderer->@Inject::ponderer$clearStackTagReturnMoj(Lnet/minecraft/world/item/ItemStack;Lnet/createmod/ponder/foundation/PonderTag;Lorg/spongepowered/asm/mixin/injection/callback/CallbackInfoReturnable;)V doesn't use it's CallbackInfoReturnable
[02Oct2026 13:24:53.069] [modloading-worker-0/DEBUG] [mixin/]: ponderer.mixins.json:PonderUIMirrorRenderMixin from mod ponderer->@Inject::ponderer$skipStructureWhenMirrorAttached(Lnet/minecraft/client/gui/GuiGraphics;IIIFLorg/spongepowered/asm/mixin/injection/callback/CallbackInfo;)V does use it's CallbackInfo
[02Oct2026 13:24:53.069] [modloading-worker-0/DEBUG] [mixin/]: ponderer.mixins.json:PonderUIMirrorRenderMixin from mod ponderer->@Inject::ponderer$renderMirrorBetweenUiLayers(Lnet/minecraft/client/gui/GuiGraphics;IIFLorg/spongepowered/asm/mixin/injection/callback/CallbackInfo;)V doesn't use it's CallbackInfo
[02Oct2026 13:24:53.069] [modloading-worker-0/DEBUG] [mixin/]: ponderer.mixins.json:PonderUIMirrorRenderMixin from mod ponderer->@Inject::ponderer$renderMirrorBetweenUiLayers(Lnet/minecraft/client/gui/GuiGraphics;IIFLorg/spongepowered/asm/mixin/injection/callback/CallbackInfo;)V has 0 override(s) in child classes
[02Oct2026 13:24:53.069] [modloading-worker-0/DEBUG] [mixin/]: ponderer.mixins.json:PonderUIMirrorRenderMixin from mod ponderer->@Inject::ponderer$renderMirrorBetweenUiLayers(Lnet/minecraft/client/gui/GuiGraphics;IIFLorg/spongepowered/asm/mixin/injection/callback/CallbackInfo;)V won't be passed a CallbackInfo as a result
[02Oct2026 13:24:53.069] [modloading-worker-0/DEBUG] [mixin/]: ponderer.mixins.json:PonderUIMirrorRenderMixin from mod ponderer->@Inject::ponderer$renderMirrorForegroundArtifacts(Lnet/minecraft/client/gui/GuiGraphics;IIFLorg/spongepowered/asm/mixin/injection/callback/CallbackInfo;)V doesn't use it's CallbackInfo
[02Oct2026 13:24:53.069] [modloading-worker-0/DEBUG] [mixin/]: ponderer.mixins.json:PonderUIMirrorRenderMixin from mod ponderer->@Inject::ponderer$renderMirrorForegroundArtifacts(Lnet/minecraft/client/gui/GuiGraphics;IIFLorg/spongepowered/asm/mixin/injection/callback/CallbackInfo;)V has 0 override(s) in child classes
[02Oct2026 13:24:53.069] [modloading-worker-0/DEBUG] [mixin/]: ponderer.mixins.json:PonderUIMirrorRenderMixin from mod ponderer->@Inject::ponderer$renderMirrorForegroundArtifacts(Lnet/minecraft/client/gui/GuiGraphics;IIFLorg/spongepowered/asm/mixin/injection/callback/CallbackInfo;)V won't be passed a CallbackInfo as a result
[02Oct2026 13:24:53.069] [modloading-worker-0/DEBUG] [mixin/]: ponderer.mixins.json:PonderUIMirrorRenderMixin from mod ponderer->@Inject::ponderer$tickEmbeddedMirror(Lorg/spongepowered/asm/mixin/injection/callback/CallbackInfo;)V doesn't use it's CallbackInfo
[02Oct2026 13:24:53.069] [modloading-worker-0/DEBUG] [mixin/]: ponderer.mixins.json:PonderUIMirrorRenderMixin from mod ponderer->@Inject::ponderer$tickEmbeddedMirror(Lorg/spongepowered/asm/mixin/injection/callback/CallbackInfo;)V has 0 override(s) in child classes
[02Oct2026 13:24:53.069] [modloading-worker-0/DEBUG] [mixin/]: ponderer.mixins.json:PonderUIMirrorRenderMixin from mod ponderer->@Inject::ponderer$tickEmbeddedMirror(Lorg/spongepowered/asm/mixin/injection/callback/CallbackInfo;)V won't be passed a CallbackInfo as a result
[02Oct2026 13:24:53.070] [modloading-worker-0/DEBUG] [mixin/]: ponderer.mixins.json:PonderUIMirrorRenderMixin from mod ponderer->@Inject::ponderer$closeEmbeddedOnReplay(Lorg/spongepowered/asm/mixin/injection/callback/CallbackInfo;)V doesn't use it's CallbackInfo
[02Oct2026 13:24:53.070] [modloading-worker-0/DEBUG] [mixin/]: ponderer.mixins.json:PonderUIMirrorRenderMixin from mod ponderer->@Inject::ponderer$closeEmbeddedOnReplay(Lorg/spongepowered/asm/mixin/injection/callback/CallbackInfo;)V has 0 override(s) in child classes
[02Oct2026 13:24:53.070] [modloading-worker-0/DEBUG] [mixin/]: ponderer.mixins.json:PonderUIMirrorRenderMixin from mod ponderer->@Inject::ponderer$closeEmbeddedOnReplay(Lorg/spongepowered/asm/mixin/injection/callback/CallbackInfo;)V won't be passed a CallbackInfo as a result
[02Oct2026 13:24:53.070] [modloading-worker-0/DEBUG] [mixin/]: ponderer.mixins.json:PonderUIMirrorRenderMixin from mod ponderer->@Inject::ponderer$closeEmbeddedOnSceneSwitch(ZLorg/spongepowered/asm/mixin/injection/callback/CallbackInfoReturnable;)V does use it's CallbackInfoReturnable
[02Oct2026 13:24:53.070] [modloading-worker-0/DEBUG] [mixin/]: ponderer.mixins.json:PonderUIMirrorRenderMixin from mod ponderer->@Inject::ponderer$closeEmbeddedOnSceneSwitch(ZLorg/spongepowered/asm/mixin/injection/callback/CallbackInfoReturnable;)V does use it's CallbackInfoReturnable
[02Oct2026 13:24:53.070] [modloading-worker-0/DEBUG] [mixin/]: ponderer.mixins.json:PonderUIMirrorRenderMixin from mod ponderer->@Inject::ponderer$closeEmbeddedWhenPonderRemoved(Lorg/spongepowered/asm/mixin/injection/callback/CallbackInfo;)V doesn't use it's CallbackInfo
[02Oct2026 13:24:53.070] [modloading-worker-0/DEBUG] [mixin/]: ponderer.mixins.json:PonderUIMirrorRenderMixin from mod ponderer->@Inject::ponderer$closeEmbeddedWhenPonderRemoved(Lorg/spongepowered/asm/mixin/injection/callback/CallbackInfo;)V has 0 override(s) in child classes
[02Oct2026 13:24:53.070] [modloading-worker-0/DEBUG] [mixin/]: ponderer.mixins.json:PonderUIMirrorRenderMixin from mod ponderer->@Inject::ponderer$closeEmbeddedWhenPonderRemoved(Lorg/spongepowered/asm/mixin/injection/callback/CallbackInfo;)V won't be passed a CallbackInfo as a result
[02Oct2026 13:24:53.080] [modloading-worker-0/DEBUG] [net.neoforged.fml.javafmlmod.AutomaticEventSubscriber/]: Subscribing @EventBusSubscriber class Lnet/neoforged/neoforge/network/filters/GenericPacketSplitter; to the mod event bus of mod neoforge
[02Oct2026 13:24:53.081] [modloading-worker-0/DEBUG] [net.neoforged.fml.javafmlmod.AutomaticEventSubscriber/LOADING]: Attempting to inject @EventBusSubscriber classes into the eventbus for ponderer
[02Oct2026 13:24:53.083] [modloading-worker-0/DEBUG] [net.neoforged.fml.javafmlmod.AutomaticEventSubscriber/LOADING]: Scanning class net.neoforged.neoforge.network.NetworkInitialization for @SubscribeEvent-annotated methods
[02Oct2026 13:24:53.084] [modloading-worker-0/DEBUG] [net.neoforged.fml.javafmlmod.AutomaticEventSubscriber/]: Subscribing @EventBusSubscriber class Lnet/neoforged/neoforge/network/NetworkInitialization; to the mod event bus of mod neoforge
[02Oct2026 13:24:53.084] [modloading-worker-0/DEBUG] [net.neoforged.fml.javafmlmod.AutomaticEventSubscriber/LOADING]: Scanning class net.neoforged.neoforge.network.ConfigurationInitialization for @SubscribeEvent-annotated methods
[02Oct2026 13:24:53.087] [modloading-worker-0/DEBUG] [net.neoforged.fml.javafmlmod.AutomaticEventSubscriber/]: Subscribing @EventBusSubscriber class Lnet/neoforged/neoforge/network/ConfigurationInitialization; to the mod event bus of mod neoforge
[02Oct2026 13:24:53.087] [modloading-worker-0/DEBUG] [net.neoforged.fml.javafmlmod.AutomaticEventSubscriber/LOADING]: Scanning class net.neoforged.neoforge.common.MonsterRoomHooks for @SubscribeEvent-annotated methods
[02Oct2026 13:24:53.088] [modloading-worker-0/DEBUG] [net.neoforged.fml.javafmlmod.AutomaticEventSubscriber/]: Subscribing @EventBusSubscriber class Lnet/neoforged/neoforge/common/MonsterRoomHooks; to the game event bus
[02Oct2026 13:24:53.088] [modloading-worker-0/DEBUG] [net.neoforged.fml.javafmlmod.AutomaticEventSubscriber/LOADING]: Scanning class net.neoforged.neoforge.common.DeferredSpawnEggItem$CommonHandler for @SubscribeEvent-annotated methods
[02Oct2026 13:24:53.089] [modloading-worker-0/DEBUG] [net.neoforged.fml.javafmlmod.AutomaticEventSubscriber/]: Subscribing @EventBusSubscriber class Lnet/neoforged/neoforge/common/DeferredSpawnEggItem$CommonHandler; to the mod event bus of mod neoforge
[02Oct2026 13:24:53.089] [modloading-worker-0/DEBUG] [net.neoforged.fml.javafmlmod.AutomaticEventSubscriber/LOADING]: Scanning class net.neoforged.neoforge.common.DeferredSpawnEggItem$ColorRegisterHandler for @SubscribeEvent-annotated methods
[02Oct2026 13:24:53.090] [modloading-worker-0/DEBUG] [net.neoforged.fml.javafmlmod.AutomaticEventSubscriber/]: Subscribing @EventBusSubscriber class Lnet/neoforged/neoforge/common/DeferredSpawnEggItem$ColorRegisterHandler; to the mod event bus of mod neoforge
[02Oct2026 13:24:53.090] [modloading-worker-0/DEBUG] [net.neoforged.fml.javafmlmod.AutomaticEventSubscriber/LOADING]: Scanning class net.neoforged.neoforge.client.model.data.ModelDataManager for @SubscribeEvent-annotated methods
[02Oct2026 13:24:53.091] [modloading-worker-0/DEBUG] [net.neoforged.fml.javafmlmod.AutomaticEventSubscriber/]: Subscribing @EventBusSubscriber class Lnet/neoforged/neoforge/client/model/data/ModelDataManager; to the game event bus
[02Oct2026 13:24:53.092] [modloading-worker-0/DEBUG] [net.neoforged.fml.javafmlmod.AutomaticEventSubscriber/LOADING]: Scanning class net.neoforged.neoforge.client.ParticleBoundsDebugRenderer for @SubscribeEvent-annotated methods
[02Oct2026 13:24:53.092] [modloading-worker-0/DEBUG] [mixin/]: Mixing PoseStackAccessor from flywheel.impl.mixins.json into com.mojang.blaze3d.vertex.PoseStack
[02Oct2026 13:24:53.092] [modloading-worker-0/DEBUG] [mixin/]: Mixing PoseStackMixin from flywheel.impl.mixins.json into com.mojang.blaze3d.vertex.PoseStack
[02Oct2026 13:24:53.097] [modloading-worker-0/DEBUG] [net.neoforged.fml.javafmlmod.AutomaticEventSubscriber/]: Subscribing @EventBusSubscriber class Lnet/neoforged/neoforge/client/ParticleBoundsDebugRenderer; to the game event bus
[02Oct2026 13:24:53.097] [modloading-worker-0/DEBUG] [net.neoforged.fml.javafmlmod.AutomaticEventSubscriber/LOADING]: Scanning class net.neoforged.neoforge.client.ClientHooks$ClientEvents for @SubscribeEvent-annotated methods
[02Oct2026 13:24:53.099] [modloading-worker-0/DEBUG] [net.neoforged.fml.javafmlmod.AutomaticEventSubscriber/]: Subscribing @EventBusSubscriber class Lnet/neoforged/neoforge/client/ClientHooks$ClientEvents; to the mod event bus of mod neoforge
[02Oct2026 13:24:53.100] [modloading-worker-0/DEBUG] [net.neoforged.fml.javafmlmod.AutomaticEventSubscriber/LOADING]: Scanning class net.neoforged.neoforge.client.BlockEntityRenderBoundsDebugRenderer for @SubscribeEvent-annotated methods
[02Oct2026 13:24:53.101] [modloading-worker-0/DEBUG] [net.neoforged.fml.javafmlmod.AutomaticEventSubscriber/]: Subscribing @EventBusSubscriber class Lnet/neoforged/neoforge/client/BlockEntityRenderBoundsDebugRenderer; to the game event bus
[02Oct2026 13:24:53.101] [modloading-worker-0/DEBUG] [net.neoforged.fml.javafmlmod.AutomaticEventSubscriber/LOADING]: Scanning class net.neoforged.neoforge.attachment.AttachmentSync for @SubscribeEvent-annotated methods
[02Oct2026 13:24:53.103] [modloading-worker-0/DEBUG] [net.neoforged.fml.javafmlmod.AutomaticEventSubscriber/]: Subscribing @EventBusSubscriber class Lnet/neoforged/neoforge/attachment/AttachmentSync; to the game event bus
[02Oct2026 13:24:53.104] [modloading-worker-0/DEBUG] [net.neoforged.fml.javafmlmod.AutomaticEventSubscriber/LOADING]: Scanning class net.neoforged.neoforge.attachment.AttachmentInternals for @SubscribeEvent-annotated methods
[02Oct2026 13:24:53.104] [modloading-worker-0/DEBUG] [net.neoforged.fml.javafmlmod.AutomaticEventSubscriber/]: Subscribing @EventBusSubscriber class Lnet/neoforged/neoforge/attachment/AttachmentInternals; to the game event bus
[02Oct2026 13:24:53.215] [modloading-sync-worker/DEBUG] [net.neoforged.fml.config.ConfigTracker/CONFIG]: Loading configs type CLIENT
[02Oct2026 13:24:53.223] [modloading-sync-worker/DEBUG] [net.neoforged.fml.config.ConfigTracker/CONFIG]: Loaded TOML config file C:\Users\laure\IdeaProjects\RealnessMC-Content-Pack\run\config\flywheel-client.toml
[02Oct2026 13:24:53.229] [modloading-sync-worker/DEBUG] [net.neoforged.fml.config.ConfigTracker/CONFIG]: Watching TOML config file C:\Users\laure\IdeaProjects\RealnessMC-Content-Pack\run\config\flywheel-client.toml for changes
[02Oct2026 13:24:53.231] [modloading-sync-worker/DEBUG] [net.neoforged.neoforge.common.NeoForgeConfig/FORGEMOD]: Loaded NeoForge config file neoforge-client.toml
[02Oct2026 13:24:53.231] [modloading-sync-worker/DEBUG] [net.neoforged.fml.config.ConfigTracker/CONFIG]: Loaded TOML config file C:\Users\laure\IdeaProjects\RealnessMC-Content-Pack\run\config\neoforge-client.toml
[02Oct2026 13:24:53.231] [modloading-sync-worker/DEBUG] [net.neoforged.fml.config.ConfigTracker/CONFIG]: Watching TOML config file C:\Users\laure\IdeaProjects\RealnessMC-Content-Pack\run\config\neoforge-client.toml for changes
[02Oct2026 13:24:53.232] [modloading-sync-worker/DEBUG] [net.neoforged.fml.config.ConfigTracker/CONFIG]: Loaded TOML config file C:\Users\laure\IdeaProjects\RealnessMC-Content-Pack\run\config\ponder-client.toml
[02Oct2026 13:24:53.232] [modloading-sync-worker/DEBUG] [net.neoforged.fml.config.ConfigTracker/CONFIG]: Watching TOML config file C:\Users\laure\IdeaProjects\RealnessMC-Content-Pack\run\config\ponder-client.toml for changes
[02Oct2026 13:24:53.233] [modloading-sync-worker/DEBUG] [net.neoforged.fml.config.ConfigTracker/CONFIG]: Loaded TOML config file C:\Users\laure\IdeaProjects\RealnessMC-Content-Pack\run\config\ponderer-client.toml
[02Oct2026 13:24:53.234] [modloading-sync-worker/DEBUG] [net.neoforged.fml.config.ConfigTracker/CONFIG]: Watching TOML config file C:\Users\laure\IdeaProjects\RealnessMC-Content-Pack\run\config\ponderer-client.toml for changes
[02Oct2026 13:24:53.234] [modloading-sync-worker/DEBUG] [net.neoforged.fml.config.ConfigTracker/CONFIG]: Loading configs type COMMON
[02Oct2026 13:24:53.235] [modloading-sync-worker/DEBUG] [net.neoforged.fml.config.ConfigTracker/CONFIG]: Loaded TOML config file C:\Users\laure\IdeaProjects\RealnessMC-Content-Pack\run\config\realnessmc_content_pack-common.toml
[02Oct2026 13:24:53.235] [modloading-sync-worker/DEBUG] [net.neoforged.fml.config.ConfigTracker/CONFIG]: Watching TOML config file C:\Users\laure\IdeaProjects\RealnessMC-Content-Pack\run\config\realnessmc_content_pack-common.toml for changes
[02Oct2026 13:24:53.235] [modloading-sync-worker/DEBUG] [net.neoforged.neoforge.common.NeoForgeConfig/FORGEMOD]: Loaded NeoForge config file neoforge-common.toml
[02Oct2026 13:24:53.236] [modloading-sync-worker/DEBUG] [net.neoforged.fml.config.ConfigTracker/CONFIG]: Loaded TOML config file C:\Users\laure\IdeaProjects\RealnessMC-Content-Pack\run\config\neoforge-common.toml
[02Oct2026 13:24:53.236] [modloading-sync-worker/DEBUG] [net.neoforged.fml.config.ConfigTracker/CONFIG]: Watching TOML config file C:\Users\laure\IdeaProjects\RealnessMC-Content-Pack\run\config\neoforge-common.toml for changes
[02Oct2026 13:24:53.319] [Render thread/DEBUG] [mixin/]: Mixing client.accessor.RenderTypeAccessor from ponder-common.mixins.json into net.minecraft.client.renderer.RenderType
[02Oct2026 13:24:53.320] [Render thread/DEBUG] [mixin/]: ponder-common.mixins.json:client.accessor.RenderTypeAccessor from mod ponder: Class version 65 required is higher than the class version supported by the current version of Mixin (JAVA_17 supports class version 61)
[02Oct2026 13:24:53.320] [Render thread/DEBUG] [mixin/]: Renaming @Invoker method catnip$create(Ljava/lang/String;Lcom/mojang/blaze3d/vertex/VertexFormat;Lcom/mojang/blaze3d/vertex/VertexFormat$Mode;IZZLnet/minecraft/client/renderer/RenderType$CompositeState;)Lnet/minecraft/client/renderer/RenderType$CompositeRenderType; to catnip$create$ponder_$md$68af5e$0 in ponder-common.mixins.json:client.accessor.RenderTypeAccessor from mod ponder
[02Oct2026 13:24:53.326] [Render thread/DEBUG] [mixin/]: Mixing client.accessor.GameRendererAccessor from ponder-common.mixins.json into net.minecraft.client.renderer.GameRenderer
[02Oct2026 13:24:53.326] [Render thread/DEBUG] [mixin/]: ponder-common.mixins.json:client.accessor.GameRendererAccessor from mod ponder: Class version 65 required is higher than the class version supported by the current version of Mixin (JAVA_17 supports class version 61)
[02Oct2026 13:24:53.351] [Render thread/DEBUG] [mixin/]: Mixing client.accessor.ItemRendererAccessor from ponder-common.mixins.json into net.minecraft.client.renderer.entity.ItemRenderer
[02Oct2026 13:24:53.351] [Render thread/DEBUG] [mixin/]: ponder-common.mixins.json:client.accessor.ItemRendererAccessor from mod ponder: Class version 65 required is higher than the class version supported by the current version of Mixin (JAVA_17 supports class version 61)
[02Oct2026 13:24:53.356] [Render thread/DEBUG] [mixin/]: Mixing LevelRendererAccessor from flywheel.backend.mixins.json into net.minecraft.client.renderer.LevelRenderer
[02Oct2026 13:24:53.356] [Render thread/DEBUG] [mixin/]: Mixing fix.FixFabulousDepthMixin from flywheel.impl.mixins.json into net.minecraft.client.renderer.LevelRenderer
[02Oct2026 13:24:53.357] [Render thread/DEBUG] [mixin/]: Mixing visualmanage.LevelRendererMixin from flywheel.impl.mixins.json into net.minecraft.client.renderer.LevelRenderer
[02Oct2026 13:24:53.359] [Render thread/DEBUG] [mixin/]: Mixing LevelRendererMixin from flywheel.impl.mixins.json into net.minecraft.client.renderer.LevelRenderer
[02Oct2026 13:24:53.365] [Render thread/DEBUG] [mixin/]: flywheel.impl.mixins.json:fix.FixFabulousDepthMixin from mod flywheel->@Inject::flywheel$disableTransparencyShaderDepth(Lorg/spongepowered/asm/mixin/injection/callback/CallbackInfo;)V doesn't use it's CallbackInfo
[02Oct2026 13:24:53.365] [Render thread/DEBUG] [mixin/]: flywheel.impl.mixins.json:fix.FixFabulousDepthMixin from mod flywheel->@Inject::flywheel$disableTransparencyShaderDepth(Lorg/spongepowered/asm/mixin/injection/callback/CallbackInfo;)V has 0 override(s) in child classes
[02Oct2026 13:24:53.366] [Render thread/DEBUG] [mixin/]: flywheel.impl.mixins.json:fix.FixFabulousDepthMixin from mod flywheel->@Inject::flywheel$disableTransparencyShaderDepth(Lorg/spongepowered/asm/mixin/injection/callback/CallbackInfo;)V won't be passed a CallbackInfo as a result
[02Oct2026 13:24:53.366] [Render thread/DEBUG] [mixin/]: flywheel.impl.mixins.json:visualmanage.LevelRendererMixin from mod flywheel->@Inject::flywheel$checkUpdate(Lnet/minecraft/core/BlockPos;Lnet/minecraft/world/level/block/state/BlockState;Lnet/minecraft/world/level/block/state/BlockState;Lorg/spongepowered/asm/mixin/injection/callback/CallbackInfo;)V doesn't use it's CallbackInfo
[02Oct2026 13:24:53.366] [Render thread/DEBUG] [mixin/]: flywheel.impl.mixins.json:visualmanage.LevelRendererMixin from mod flywheel->@Inject::flywheel$checkUpdate(Lnet/minecraft/core/BlockPos;Lnet/minecraft/world/level/block/state/BlockState;Lnet/minecraft/world/level/block/state/BlockState;Lorg/spongepowered/asm/mixin/injection/callback/CallbackInfo;)V has 0 override(s) in child classes
[02Oct2026 13:24:53.366] [Render thread/DEBUG] [mixin/]: flywheel.impl.mixins.json:visualmanage.LevelRendererMixin from mod flywheel->@Inject::flywheel$checkUpdate(Lnet/minecraft/core/BlockPos;Lnet/minecraft/world/level/block/state/BlockState;Lnet/minecraft/world/level/block/state/BlockState;Lorg/spongepowered/asm/mixin/injection/callback/CallbackInfo;)V won't be passed a CallbackInfo as a result
[02Oct2026 13:24:53.366] [Render thread/DEBUG] [mixin/]: flywheel.impl.mixins.json:LevelRendererMixin from mod flywheel->@Inject::flywheel$beginRender(Lnet/minecraft/client/DeltaTracker;ZLnet/minecraft/client/Camera;Lnet/minecraft/client/renderer/GameRenderer;Lnet/minecraft/client/renderer/LightTexture;Lorg/joml/Matrix4f;Lorg/joml/Matrix4f;Lorg/spongepowered/asm/mixin/injection/callback/CallbackInfo;)V doesn't use it's CallbackInfo
[02Oct2026 13:24:53.366] [Render thread/DEBUG] [mixin/]: flywheel.impl.mixins.json:LevelRendererMixin from mod flywheel->@Inject::flywheel$beginRender(Lnet/minecraft/client/DeltaTracker;ZLnet/minecraft/client/Camera;Lnet/minecraft/client/renderer/GameRenderer;Lnet/minecraft/client/renderer/LightTexture;Lorg/joml/Matrix4f;Lorg/joml/Matrix4f;Lorg/spongepowered/asm/mixin/injection/callback/CallbackInfo;)V has 0 override(s) in child classes
[02Oct2026 13:24:53.366] [Render thread/DEBUG] [mixin/]: flywheel.impl.mixins.json:LevelRendererMixin from mod flywheel->@Inject::flywheel$beginRender(Lnet/minecraft/client/DeltaTracker;ZLnet/minecraft/client/Camera;Lnet/minecraft/client/renderer/GameRenderer;Lnet/minecraft/client/renderer/LightTexture;Lorg/joml/Matrix4f;Lorg/joml/Matrix4f;Lorg/spongepowered/asm/mixin/injection/callback/CallbackInfo;)V won't be passed a CallbackInfo as a result
[02Oct2026 13:24:53.366] [Render thread/DEBUG] [mixin/]: flywheel.impl.mixins.json:LevelRendererMixin from mod flywheel->@Inject::flywheel$endRender(Lorg/spongepowered/asm/mixin/injection/callback/CallbackInfo;)V doesn't use it's CallbackInfo
[02Oct2026 13:24:53.366] [Render thread/DEBUG] [mixin/]: flywheel.impl.mixins.json:LevelRendererMixin from mod flywheel->@Inject::flywheel$endRender(Lorg/spongepowered/asm/mixin/injection/callback/CallbackInfo;)V has 0 override(s) in child classes
[02Oct2026 13:24:53.366] [Render thread/DEBUG] [mixin/]: flywheel.impl.mixins.json:LevelRendererMixin from mod flywheel->@Inject::flywheel$endRender(Lorg/spongepowered/asm/mixin/injection/callback/CallbackInfo;)V won't be passed a CallbackInfo as a result
[02Oct2026 13:24:53.366] [Render thread/DEBUG] [mixin/]: flywheel.impl.mixins.json:LevelRendererMixin from mod flywheel->@Inject::flywheel$reload(Lorg/spongepowered/asm/mixin/injection/callback/CallbackInfo;)V doesn't use it's CallbackInfo
[02Oct2026 13:24:53.366] [Render thread/DEBUG] [mixin/]: flywheel.impl.mixins.json:LevelRendererMixin from mod flywheel->@Inject::flywheel$reload(Lorg/spongepowered/asm/mixin/injection/callback/CallbackInfo;)V has 0 override(s) in child classes
[02Oct2026 13:24:53.366] [Render thread/DEBUG] [mixin/]: flywheel.impl.mixins.json:LevelRendererMixin from mod flywheel->@Inject::flywheel$reload(Lorg/spongepowered/asm/mixin/injection/callback/CallbackInfo;)V won't be passed a CallbackInfo as a result
[02Oct2026 13:24:53.366] [Render thread/DEBUG] [mixin/]: flywheel.impl.mixins.json:LevelRendererMixin from mod flywheel->@Inject::flywheel$beforeBlockEntities(Lorg/spongepowered/asm/mixin/injection/callback/CallbackInfo;)V doesn't use it's CallbackInfo
[02Oct2026 13:24:53.366] [Render thread/DEBUG] [mixin/]: flywheel.impl.mixins.json:LevelRendererMixin from mod flywheel->@Inject::flywheel$beforeBlockEntities(Lorg/spongepowered/asm/mixin/injection/callback/CallbackInfo;)V has 0 override(s) in child classes
[02Oct2026 13:24:53.366] [Render thread/DEBUG] [mixin/]: flywheel.impl.mixins.json:LevelRendererMixin from mod flywheel->@Inject::flywheel$beforeBlockEntities(Lorg/spongepowered/asm/mixin/injection/callback/CallbackInfo;)V won't be passed a CallbackInfo as a result
[02Oct2026 13:24:53.366] [Render thread/DEBUG] [mixin/]: flywheel.impl.mixins.json:LevelRendererMixin from mod flywheel->@Inject::flywheel$beforeRenderCrumbling(Lorg/spongepowered/asm/mixin/injection/callback/CallbackInfo;)V doesn't use it's CallbackInfo
[02Oct2026 13:24:53.366] [Render thread/DEBUG] [mixin/]: flywheel.impl.mixins.json:LevelRendererMixin from mod flywheel->@Inject::flywheel$beforeRenderCrumbling(Lorg/spongepowered/asm/mixin/injection/callback/CallbackInfo;)V has 0 override(s) in child classes
[02Oct2026 13:24:53.366] [Render thread/DEBUG] [mixin/]: flywheel.impl.mixins.json:LevelRendererMixin from mod flywheel->@Inject::flywheel$beforeRenderCrumbling(Lorg/spongepowered/asm/mixin/injection/callback/CallbackInfo;)V won't be passed a CallbackInfo as a result
[02Oct2026 13:24:53.366] [Render thread/DEBUG] [mixin/]: flywheel.impl.mixins.json:LevelRendererMixin from mod flywheel->@Inject::flywheel$decideNotToRenderEntity(Lnet/minecraft/world/entity/Entity;DDDFLcom/mojang/blaze3d/vertex/PoseStack;Lnet/minecraft/client/renderer/MultiBufferSource;Lorg/spongepowered/asm/mixin/injection/callback/CallbackInfo;)V does use it's CallbackInfo
[02Oct2026 13:24:53.442] [Render thread/DEBUG] [mixin/]: Mixing client.accessor.ParticleEngineAccessor from ponder.mixins.json into net.minecraft.client.particle.ParticleEngine
[02Oct2026 13:24:53.442] [Render thread/DEBUG] [mixin/]: ponder.mixins.json:client.accessor.ParticleEngineAccessor from mod ponder: Class version 65 required is higher than the class version supported by the current version of Mixin (JAVA_17 supports class version 61)
[02Oct2026 13:24:53.490] [Render thread/DEBUG] [mixin/]: Mixing client.accessor.BufferBuilderAccessor from ponder-common.mixins.json into com.mojang.blaze3d.vertex.BufferBuilder
[02Oct2026 13:24:53.490] [Render thread/DEBUG] [mixin/]: ponder-common.mixins.json:client.accessor.BufferBuilderAccessor from mod ponder: Class version 65 required is higher than the class version supported by the current version of Mixin (JAVA_17 supports class version 61)
[02Oct2026 13:24:53.527] [Render thread/INFO] [net.neoforged.neoforge.gametest.GameTestHooks/]: Enabled Gametest Namespaces: [realnessmc_content_pack]
[02Oct2026 13:24:53.563] [Render thread/DEBUG] [mixin/]: Mixing PonderKeybindsAccessor from ponderer.mixins.json into net.createmod.ponder.enums.PonderKeybinds
[02Oct2026 13:24:53.575] [Render thread/DEBUG] [mixin/]: Mixing ModelPartAccessor from flywheel.impl.mixins.json into net.minecraft.client.model.geom.ModelPart
[02Oct2026 13:24:53.648] [Render thread/INFO] [net.minecraft.server.packs.resources.ReloadableResourceManager/]: Reloading ResourceManager: vanilla, mod_resources, mod/realnessmc_content_pack, mod/flywheel, mod/ponder, mod/ponderer, mod/neoforge
[02Oct2026 13:24:53.658] [Worker-Main-1/INFO] [org.realnessmc.realnessmc_content_pack.Realnessmc_content_pack/]: RealnessMC CP Common Setup Fired ... Initializing
[02Oct2026 13:24:53.680] [Worker-Main-2/DEBUG] [Ponder/]: Loaded net.createmod.catnip.platform.NeoForgePlatformHelper@2f419971 for service interface net.createmod.catnip.platform.services.PlatformHelper
[02Oct2026 13:24:53.684] [Worker-Main-2/DEBUG] [Ponder/]: Loaded net.createmod.catnip.platform.NeoForgeFluidHelper@1e5c725f for service interface net.createmod.catnip.platform.services.ModFluidHelper
[02Oct2026 13:24:53.688] [Worker-Main-2/DEBUG] [Ponder/]: Loaded net.createmod.catnip.platform.NeoForgeHooksHelper@594a925a for service interface net.createmod.catnip.platform.services.ModHooksHelper
[02Oct2026 13:24:53.692] [Worker-Main-2/DEBUG] [Ponder/]: Loaded net.createmod.catnip.platform.NeoForgeNetworkHelper@2a5a8990 for service interface net.createmod.catnip.platform.services.NetworkHelper
[02Oct2026 13:24:53.776] [Render thread/DEBUG] [net.neoforged.fml.DeferredWorkQueue/LOADING]: Dispatching synchronous work for work queue Common setup: 1 jobs
[02Oct2026 13:24:53.781] [Render thread/DEBUG] [net.neoforged.fml.DeferredWorkQueue/LOADING]: Synchronous work queue completed in 4.018 ms
[02Oct2026 13:24:53.782] [Worker-Main-8/INFO] [net.minecraft.client.gui.font.providers.UnihexProvider/]: Found unifont_all_no_pua-15.1.05.hex, loading
[02Oct2026 13:24:53.782] [Worker-Main-4/INFO] [net.minecraft.client.gui.font.providers.UnihexProvider/]: Found unifont_jp_patch-15.1.05.hex, loading
[02Oct2026 13:24:53.806] [Worker-Main-10/DEBUG] [mixin/]: Mixing WorldSectionElementImplMixin from ponderer.mixins.json into net.createmod.ponder.foundation.element.WorldSectionElementImpl
[02Oct2026 13:24:53.808] [Worker-Main-10/DEBUG] [mixin/]: ponderer.mixins.json:WorldSectionElementImplMixin from mod ponderer->@Inject::ponderer$safeErase(Lnet/createmod/ponder/api/scene/Selection;Lorg/spongepowered/asm/mixin/injection/callback/CallbackInfo;)V does use it's CallbackInfo
[02Oct2026 13:24:53.808] [Worker-Main-10/DEBUG] [mixin/]: ponderer.mixins.json:WorldSectionElementImplMixin from mod ponderer->@Inject::ponderer$safeAdd(Lnet/createmod/ponder/api/scene/Selection;Lorg/spongepowered/asm/mixin/injection/callback/CallbackInfo;)V does use it's CallbackInfo
[02Oct2026 13:24:53.842] [Worker-Main-10/DEBUG] [mixin/]: Mixing PonderLevelMixin from ponderer.mixins.json into net.createmod.ponder.api.level.PonderLevel
[02Oct2026 13:24:53.844] [Worker-Main-10/DEBUG] [mixin/]: Renaming synthetic method lambda$ponderer$tickEntitiesSafely$0(Lnet/minecraft/world/entity/Entity;)Z to md68af5e$ponderer$lambda$ponderer$tickEntitiesSafely$0$0 in ponderer.mixins.json:PonderLevelMixin from mod ponderer
[02Oct2026 13:24:53.847] [Worker-Main-10/DEBUG] [mixin/]: Mixing PonderLevelModelDataMixin from ponderer.mixins.json into net.createmod.ponder.api.level.PonderLevel
[02Oct2026 13:24:53.851] [Worker-Main-10/DEBUG] [mixin/]: ponderer.mixins.json:PonderLevelMixin from mod ponderer->@Inject::ponderer$tickEntitiesSafely(Lorg/spongepowered/asm/mixin/injection/callback/CallbackInfo;)V does use it's CallbackInfo
[02Oct2026 13:24:53.875] [Worker-Main-10/DEBUG] [mixin/]: Mixing PonderLocalizationMixin from ponderer.mixins.json into net.createmod.ponder.foundation.registration.PonderLocalization
[02Oct2026 13:24:53.880] [Worker-Main-10/DEBUG] [mixin/]: ponderer.mixins.json:PonderLocalizationMixin from mod ponderer->@Inject::ponderer$getShared(Lnet/minecraft/resources/ResourceLocation;Lorg/spongepowered/asm/mixin/injection/callback/CallbackInfoReturnable;)V does use it's CallbackInfoReturnable
[02Oct2026 13:24:53.880] [Worker-Main-10/DEBUG] [mixin/]: ponderer.mixins.json:PonderLocalizationMixin from mod ponderer->@Inject::ponderer$getSpecific(Lnet/minecraft/resources/ResourceLocation;Ljava/lang/String;Lorg/spongepowered/asm/mixin/injection/callback/CallbackInfoReturnable;)V does use it's CallbackInfoReturnable
[02Oct2026 13:24:53.889] [Worker-Main-10/DEBUG] [mixin/]: Mixing PonderSceneRegistryMixin from ponderer.mixins.json into net.createmod.ponder.foundation.registration.PonderSceneRegistry
[02Oct2026 13:24:53.896] [Worker-Main-10/DEBUG] [mixin/]: Mixing PonderSceneRegistryNbtMixin from ponderer.mixins.json into net.createmod.ponder.foundation.registration.PonderSceneRegistry
[02Oct2026 13:24:53.902] [Worker-Main-10/DEBUG] [mixin/]: ponderer.mixins.json:PonderSceneRegistryMixin from mod ponderer->@Inject::ponderer$loadLocalSchematicMoj(Lnet/minecraft/resources/ResourceLocation;Lorg/spongepowered/asm/mixin/injection/callback/CallbackInfoReturnable;)V does use it's CallbackInfoReturnable
[02Oct2026 13:24:53.902] [Worker-Main-10/DEBUG] [mixin/]: ponderer.mixins.json:PonderSceneRegistryMixin from mod ponderer->@Inject::ponderer$loadLocalSchematicManager(Lnet/minecraft/server/packs/resources/ResourceManager;Lnet/minecraft/resources/ResourceLocation;Lorg/spongepowered/asm/mixin/injection/callback/CallbackInfoReturnable;)V does use it's CallbackInfoReturnable
[02Oct2026 13:24:53.902] [Worker-Main-10/DEBUG] [mixin/]: ponderer.mixins.json:PonderSceneRegistryNbtMixin from mod ponderer->@Inject::ponderer$filterByNbtMoj(Lnet/minecraft/resources/ResourceLocation;Lorg/spongepowered/asm/mixin/injection/callback/CallbackInfoReturnable;)V does use it's CallbackInfoReturnable
[02Oct2026 13:24:53.902] [Worker-Main-10/DEBUG] [mixin/]: ponderer.mixins.json:PonderSceneRegistryNbtMixin from mod ponderer->@Inject::ponderer$filterByNbtMoj(Lnet/minecraft/resources/ResourceLocation;Lorg/spongepowered/asm/mixin/injection/callback/CallbackInfoReturnable;)V does use it's CallbackInfoReturnable
[02Oct2026 13:24:53.908] [Render thread/DEBUG] [Ponder/]: Loaded net.createmod.catnip.platform.NeoForgeClientHooksHelper@524418a2 for service interface net.createmod.catnip.platform.services.ModClientHooksHelper
[02Oct2026 13:24:53.928] [Render thread/DEBUG] [net.neoforged.fml.DeferredWorkQueue/LOADING]: Dispatching synchronous work for work queue Sided setup: 2 jobs
[02Oct2026 13:24:53.995] [Render thread/INFO] [com.nododiiiii.ponderer.ponder.SceneStore/]: Loaded 1 ponderer scene(s) from C:\Users\laure\IdeaProjects\RealnessMC-Content-Pack\run\config\ponderer\scripts
[02Oct2026 13:24:54.025] [Render thread/DEBUG] [net.neoforged.fml.DeferredWorkQueue/LOADING]: Synchronous work queue completed in 97.21 ms
[02Oct2026 13:24:54.369] [Worker-Main-1/WARN] [net.minecraft.client.resources.model.BlockStateModelLoader/]: Exception loading blockstate definition: 'realnessmc_content_pack:blockstates/example_block.json' missing model for variant: 'realnessmc_content_pack:example_block#'
[02Oct2026 13:24:54.372] [Worker-Main-1/WARN] [net.minecraft.client.resources.model.ModelBakery/]: Unable to load model: 'realnessmc_content_pack:item/example_block' referenced from: realnessmc_content_pack:item/example_block: java.io.FileNotFoundException: realnessmc_content_pack:models/item/example_block.json
[02Oct2026 13:24:54.374] [Worker-Main-1/WARN] [net.minecraft.client.resources.model.ModelBakery/]: Unable to load model: 'realnessmc_content_pack:item/example_item' referenced from: realnessmc_content_pack:item/example_item: java.io.FileNotFoundException: realnessmc_content_pack:models/item/example_item.json
[02Oct2026 13:24:54.526] [FileWatcher-1-thread-1/DEBUG] [net.neoforged.fml.config.ConfigWatcher/CONFIG]: Config file ponder-client.toml changed, re-loading
[02Oct2026 13:24:54.889] [Worker-Main-1/WARN] [com.nododiiiii.ponderer.ponder.DynamicPonderPlugin/]: Invalid item id realnessmc_content_pack:*_marble_block in scene ponderer:white_marble_block
[02Oct2026 13:24:54.889] [Worker-Main-1/WARN] [com.nododiiiii.ponderer.ponder.DynamicPonderPlugin/]: Scene ponderer:white_marble_block has no valid items; skipping
[02Oct2026 13:24:54.896] [Worker-Main-1/INFO] [PonderIndex/]: Registering Ponder Scenes took 21.99 ms
[02Oct2026 13:24:54.901] [Worker-Main-1/INFO] [PonderIndex/]: Registering Ponder Tags took 4.574 ms
[02Oct2026 13:24:55.069] [Render thread/WARN] [net.minecraft.client.sounds.SoundEngine/]: Missing sound for event: minecraft:item.goat_horn.play
[02Oct2026 13:24:55.070] [Render thread/WARN] [net.minecraft.client.sounds.SoundEngine/]: Missing sound for event: minecraft:entity.goat.screaming.horn_break
[02Oct2026 13:24:55.109] [Render thread/INFO] [com.mojang.blaze3d.audio.Library/]: OpenAL initialized on device OpenAL Soft on Lautsprecher (Realtek USB Audio)
[02Oct2026 13:24:55.110] [Render thread/INFO] [net.minecraft.client.sounds.SoundEngine/SOUNDS]: Sound engine started
[02Oct2026 13:24:55.196] [Render thread/INFO] [net.minecraft.client.renderer.texture.TextureAtlas/]: Created: 2048x2048x4 minecraft:textures/atlas/blocks.png-atlas
[02Oct2026 13:24:55.206] [Render thread/INFO] [net.minecraft.client.renderer.texture.TextureAtlas/]: Created: 256x256x4 minecraft:textures/atlas/signs.png-atlas
[02Oct2026 13:24:55.206] [Render thread/INFO] [net.minecraft.client.renderer.texture.TextureAtlas/]: Created: 512x512x4 minecraft:textures/atlas/banner_patterns.png-atlas
[02Oct2026 13:24:55.206] [Render thread/INFO] [net.minecraft.client.renderer.texture.TextureAtlas/]: Created: 512x512x4 minecraft:textures/atlas/shield_patterns.png-atlas
[02Oct2026 13:24:55.206] [Render thread/INFO] [net.minecraft.client.renderer.texture.TextureAtlas/]: Created: 1024x1024x4 minecraft:textures/atlas/armor_trims.png-atlas
[02Oct2026 13:24:55.208] [Render thread/INFO] [net.minecraft.client.renderer.texture.TextureAtlas/]: Created: 256x256x4 minecraft:textures/atlas/chest.png-atlas
[02Oct2026 13:24:55.209] [Render thread/INFO] [net.minecraft.client.renderer.texture.TextureAtlas/]: Created: 128x64x4 minecraft:textures/atlas/decorated_pot.png-atlas
[02Oct2026 13:24:55.209] [Render thread/INFO] [net.minecraft.client.renderer.texture.TextureAtlas/]: Created: 512x256x4 minecraft:textures/atlas/beds.png-atlas
[02Oct2026 13:24:55.209] [Render thread/INFO] [net.minecraft.client.renderer.texture.TextureAtlas/]: Created: 512x256x4 minecraft:textures/atlas/shulker_boxes.png-atlas
[02Oct2026 13:24:55.307] [Render thread/INFO] [net.minecraft.client.renderer.texture.TextureAtlas/]: Created: 512x256x0 minecraft:textures/atlas/particles.png-atlas
[02Oct2026 13:24:55.308] [Render thread/INFO] [net.minecraft.client.renderer.texture.TextureAtlas/]: Created: 512x256x0 minecraft:textures/atlas/paintings.png-atlas
[02Oct2026 13:24:55.309] [Render thread/INFO] [net.minecraft.client.renderer.texture.TextureAtlas/]: Created: 256x128x0 minecraft:textures/atlas/mob_effects.png-atlas
[02Oct2026 13:24:55.309] [Render thread/INFO] [net.minecraft.client.renderer.texture.TextureAtlas/]: Created: 64x64x0 minecraft:textures/atlas/map_decorations.png-atlas
[02Oct2026 13:24:55.309] [Render thread/INFO] [net.minecraft.client.renderer.texture.TextureAtlas/]: Created: 1024x512x0 minecraft:textures/atlas/gui.png-atlas
[02Oct2026 13:24:55.325] [Render thread/WARN] [net.minecraft.client.renderer.ShaderInstance/]: Shader rendertype_entity_translucent_emissive could not find sampler named Sampler2 in the specified shader program.
[02Oct2026 13:24:55.397] [Render thread/INFO] [flywheel/backend/shaders/]: Loaded 69 shader sources in 21.972 ms
[02Oct2026 13:24:55.423] [Render thread/INFO] [net.neoforged.neoforge.client.entity.animation.json.AnimationLoader/]: Loaded 0 entity animations
[02Oct2026 13:24:55.443] [Render thread/DEBUG] [mixin/]: Mixing PonderTooltipNbtMixin from ponderer.mixins.json into net.createmod.ponder.foundation.PonderTooltipHandler
[02Oct2026 13:24:55.445] [Render thread/DEBUG] [mixin/]: ponderer.mixins.json:PonderTooltipNbtMixin from mod ponderer->@Inject::ponderer$checkNbtFilterMoj(Lnet/minecraft/world/item/ItemStack;Lorg/spongepowered/asm/mixin/injection/callback/CallbackInfo;)V does use it's CallbackInfo
[02Oct2026 13:25:27.961] [Render thread/WARN] [net.neoforged.neoforge.client.gui.ConfigurationScreen.TranslationChecker/]: 
	Dev warning - Untranslated configuration keys encountered. Please translate your configuration keys so users can properly configure your mod.

Untranslated keys:
  "realnessmc_content_pack.configuration.magicNumberIntroduction": "",
  "realnessmc_content_pack.configuration.items": "",
  "realnessmc_content_pack.configuration.logDirtBlock": "",
  "realnessmc_content_pack.configuration.magicNumber": "",
The following keys have fallbacks. Please check if those are suitable, and translate them if they're not.
  "config.realnessmc_content_pack.category.welcome.button": "",
  "realnessmc_content_pack.configuration.section.realnessmc.content.pack.common.toml": "",
  "realnessmc_content_pack.configuration.magicNumber.tooltip": "",
  "realnessmc_content_pack.configuration.title": "",
  "realnessmc_content_pack.configuration.items.tooltip": "",
  "realnessmc_content_pack.configuration.items.button": "",
  "realnessmc_content_pack.configuration.section.realnessmc.content.pack.common.toml.title": "",
  "realnessmc_content_pack.configuration.logDirtBlock.tooltip": "",
  "realnessmc_content_pack.configuration.magicNumberIntroduction.tooltip": "",
  "config.realnessmc_content_pack.category.welcome.tooltip": "",
[02Oct2026 13:25:30.303] [Render thread/INFO] [net.minecraft.client.Minecraft/]: Stopping!
